title,local_identifier,path
MS R852.2,MS R852.2,/Volumes/pudl/gniza_working/copied_tifs/NEH_Genizah/Bound_MS_Genizah/MS_R852_tiffs
MS R852.4,MS R852.4,/Volumes/pudl/gniza_working/copied_tifs/NEH_Genizah/Bound_MS_Genizah/MS_R852_tiffs
MS R852.1,MS R852.1,/Volumes/pudl/gniza_working/copied_tifs/NEH_Genizah/Bound_MS_Genizah/MS_R852_tiffs
MS R852.5,MS R852.5,/Volumes/pudl/gniza_working/copied_tifs/NEH_Genizah/Bound_MS_Genizah/MS_R852_tiffs
MS R852.3,MS R852.3,/Volumes/pudl/gniza_working/copied_tifs/NEH_Genizah/Bound_MS_Genizah/MS_R852_tiffs
MS L586.8,MS L586.8,/Volumes/pudl/gniza_working/copied_tifs/NEH_Genizah/Bound_MS_Genizah/MS_L586_tiffs
MS L586.7,MS L586.7,/Volumes/pudl/gniza_working/copied_tifs/NEH_Genizah/Bound_MS_Genizah/MS_L586_tiffs
MS L586.3,MS L586.3,/Volumes/pudl/gniza_working/copied_tifs/NEH_Genizah/Bound_MS_Genizah/MS_L586_tiffs
MS L586.5,MS L586.5,/Volumes/pudl/gniza_working/copied_tifs/NEH_Genizah/Bound_MS_Genizah/MS_L586_tiffs
MS L586.4,MS L586.4,/Volumes/pudl/gniza_working/copied_tifs/NEH_Genizah/Bound_MS_Genizah/MS_L586_tiffs
MS L586.6,MS L586.6,/Volumes/pudl/gniza_working/copied_tifs/NEH_Genizah/Bound_MS_Genizah/MS_L586_tiffs
MS L586.9,MS L586.9,/Volumes/pudl/gniza_working/copied_tifs/NEH_Genizah/Bound_MS_Genizah/MS_L586_tiffs
MS L586.1,MS L586.1,/Volumes/pudl/gniza_working/copied_tifs/NEH_Genizah/Bound_MS_Genizah/MS_L586_tiffs
MS L586.2,MS L586.2,/Volumes/pudl/gniza_working/copied_tifs/NEH_Genizah/Bound_MS_Genizah/MS_L586_tiffs
MS L571.11,MS L571.11,/Volumes/pudl/gniza_working/copied_tifs/NEH_Genizah/Bound_MS_Genizah/MS_L571_tiffs
MS L571.2,MS L571.2,/Volumes/pudl/gniza_working/copied_tifs/NEH_Genizah/Bound_MS_Genizah/MS_L571_tiffs
MS L571.10,MS L571.10,/Volumes/pudl/gniza_working/copied_tifs/NEH_Genizah/Bound_MS_Genizah/MS_L571_tiffs
MS L571.5,MS L571.5,/Volumes/pudl/gniza_working/copied_tifs/NEH_Genizah/Bound_MS_Genizah/MS_L571_tiffs
MS L571.8,MS L571.8,/Volumes/pudl/gniza_working/copied_tifs/NEH_Genizah/Bound_MS_Genizah/MS_L571_tiffs
MS L571.3,MS L571.3,/Volumes/pudl/gniza_working/copied_tifs/NEH_Genizah/Bound_MS_Genizah/MS_L571_tiffs
MS L571.7,MS L571.7,/Volumes/pudl/gniza_working/copied_tifs/NEH_Genizah/Bound_MS_Genizah/MS_L571_tiffs
MS L571.6,MS L571.6,/Volumes/pudl/gniza_working/copied_tifs/NEH_Genizah/Bound_MS_Genizah/MS_L571_tiffs
MS L571.9,MS L571.9,/Volumes/pudl/gniza_working/copied_tifs/NEH_Genizah/Bound_MS_Genizah/MS_L571_tiffs
MS L571.4,MS L571.4,/Volumes/pudl/gniza_working/copied_tifs/NEH_Genizah/Bound_MS_Genizah/MS_L571_tiffs
MS L571.1,MS L571.1,/Volumes/pudl/gniza_working/copied_tifs/NEH_Genizah/Bound_MS_Genizah/MS_L571_tiffs
MS L572.1,MS L572.1,/Volumes/pudl/gniza_working/copied_tifs/NEH_Genizah/Bound_MS_Genizah/MS_L572_tiffs
MS L572.5,MS L572.5,/Volumes/pudl/gniza_working/copied_tifs/NEH_Genizah/Bound_MS_Genizah/MS_L572_tiffs
MS L572.2,MS L572.2,/Volumes/pudl/gniza_working/copied_tifs/NEH_Genizah/Bound_MS_Genizah/MS_L572_tiffs
MS L572.3,MS L572.3,/Volumes/pudl/gniza_working/copied_tifs/NEH_Genizah/Bound_MS_Genizah/MS_L572_tiffs
MS L572.7,MS L572.7,/Volumes/pudl/gniza_working/copied_tifs/NEH_Genizah/Bound_MS_Genizah/MS_L572_tiffs
MS L572.4,MS L572.4,/Volumes/pudl/gniza_working/copied_tifs/NEH_Genizah/Bound_MS_Genizah/MS_L572_tiffs
MS L572.6,MS L572.6,/Volumes/pudl/gniza_working/copied_tifs/NEH_Genizah/Bound_MS_Genizah/MS_L572_tiffs
MS L546.5,MS L546.5,/Volumes/pudl/gniza_working/copied_tifs/NEH_Genizah/Bound_MS_Genizah/MS_L546_tiffs
MS L546.2,MS L546.2,/Volumes/pudl/gniza_working/copied_tifs/NEH_Genizah/Bound_MS_Genizah/MS_L546_tiffs
MS L546.6,MS L546.6,/Volumes/pudl/gniza_working/copied_tifs/NEH_Genizah/Bound_MS_Genizah/MS_L546_tiffs
MS L546.1,MS L546.1,/Volumes/pudl/gniza_working/copied_tifs/NEH_Genizah/Bound_MS_Genizah/MS_L546_tiffs
MS L546.8,MS L546.8,/Volumes/pudl/gniza_working/copied_tifs/NEH_Genizah/Bound_MS_Genizah/MS_L546_tiffs
MS L546.3,MS L546.3,/Volumes/pudl/gniza_working/copied_tifs/NEH_Genizah/Bound_MS_Genizah/MS_L546_tiffs
MS L546.4,MS L546.4,/Volumes/pudl/gniza_working/copied_tifs/NEH_Genizah/Bound_MS_Genizah/MS_L546_tiffs
MS L546.7,MS L546.7,/Volumes/pudl/gniza_working/copied_tifs/NEH_Genizah/Bound_MS_Genizah/MS_L546_tiffs
MS L507.4,MS L507.4,/Volumes/pudl/gniza_working/copied_tifs/NEH_Genizah/Bound_MS_Genizah/MS_L507_tiffs
MS L507.1,MS L507.1,/Volumes/pudl/gniza_working/copied_tifs/NEH_Genizah/Bound_MS_Genizah/MS_L507_tiffs
MS L507.6,MS L507.6,/Volumes/pudl/gniza_working/copied_tifs/NEH_Genizah/Bound_MS_Genizah/MS_L507_tiffs
MS L507.5,MS L507.5,/Volumes/pudl/gniza_working/copied_tifs/NEH_Genizah/Bound_MS_Genizah/MS_L507_tiffs
MS L507.3,MS L507.3,/Volumes/pudl/gniza_working/copied_tifs/NEH_Genizah/Bound_MS_Genizah/MS_L507_tiffs
MS L507.7,MS L507.7,/Volumes/pudl/gniza_working/copied_tifs/NEH_Genizah/Bound_MS_Genizah/MS_L507_tiffs
MS L507.2,MS L507.2,/Volumes/pudl/gniza_working/copied_tifs/NEH_Genizah/Bound_MS_Genizah/MS_L507_tiffs
MS R1888.2,MS R1888.2,/Volumes/pudl/gniza_working/copied_tifs/NEH_Genizah/Bound_MS_Genizah/MS_R1888_tiffs
MS R1888.1,MS R1888.1,/Volumes/pudl/gniza_working/copied_tifs/NEH_Genizah/Bound_MS_Genizah/MS_R1888_tiffs
MS R1888.3,MS R1888.3,/Volumes/pudl/gniza_working/copied_tifs/NEH_Genizah/Bound_MS_Genizah/MS_R1888_tiffs
MS R1888.4,MS R1888.4,/Volumes/pudl/gniza_working/copied_tifs/NEH_Genizah/Bound_MS_Genizah/MS_R1888_tiffs
MS R1888.5,MS R1888.5,/Volumes/pudl/gniza_working/copied_tifs/NEH_Genizah/Bound_MS_Genizah/MS_R1888_tiffs
MS 1512.1,MS 1512.1,/Volumes/pudl/gniza_working/copied_tifs/NEH_Genizah/Bound_MS_Genizah/MS_1512_tiffs
MS 1512.2,MS 1512.2,/Volumes/pudl/gniza_working/copied_tifs/NEH_Genizah/Bound_MS_Genizah/MS_1512_tiffs
MS 1512.4,MS 1512.4,/Volumes/pudl/gniza_working/copied_tifs/NEH_Genizah/Bound_MS_Genizah/MS_1512_tiffs
MS 1512.5,MS 1512.5,/Volumes/pudl/gniza_working/copied_tifs/NEH_Genizah/Bound_MS_Genizah/MS_1512_tiffs
MS 1512.3,MS 1512.3,/Volumes/pudl/gniza_working/copied_tifs/NEH_Genizah/Bound_MS_Genizah/MS_1512_tiffs
MS L584.3,MS L584.3,/Volumes/pudl/gniza_working/copied_tifs/NEH_Genizah/Bound_MS_Genizah/MS_L584_tiffs
MS L584.2,MS L584.2,/Volumes/pudl/gniza_working/copied_tifs/NEH_Genizah/Bound_MS_Genizah/MS_L584_tiffs
MS L584.8,MS L584.8,/Volumes/pudl/gniza_working/copied_tifs/NEH_Genizah/Bound_MS_Genizah/MS_L584_tiffs
MS L584.6,MS L584.6,/Volumes/pudl/gniza_working/copied_tifs/NEH_Genizah/Bound_MS_Genizah/MS_L584_tiffs
MS L584.7,MS L584.7,/Volumes/pudl/gniza_working/copied_tifs/NEH_Genizah/Bound_MS_Genizah/MS_L584_tiffs
MS L584.10,MS L584.10,/Volumes/pudl/gniza_working/copied_tifs/NEH_Genizah/Bound_MS_Genizah/MS_L584_tiffs
MS L584.1,MS L584.1,/Volumes/pudl/gniza_working/copied_tifs/NEH_Genizah/Bound_MS_Genizah/MS_L584_tiffs
MS L584.5,MS L584.5,/Volumes/pudl/gniza_working/copied_tifs/NEH_Genizah/Bound_MS_Genizah/MS_L584_tiffs
MS L584.9,MS L584.9,/Volumes/pudl/gniza_working/copied_tifs/NEH_Genizah/Bound_MS_Genizah/MS_L584_tiffs
MS L584.4,MS L584.4,/Volumes/pudl/gniza_working/copied_tifs/NEH_Genizah/Bound_MS_Genizah/MS_L584_tiffs
MS L123a.5,MS L123a.5,/Volumes/pudl/gniza_working/copied_tifs/NEH_Genizah/Bound_MS_Genizah/MS_L123a_tiffs
MS L123a.8,MS L123a.8,/Volumes/pudl/gniza_working/copied_tifs/NEH_Genizah/Bound_MS_Genizah/MS_L123a_tiffs
MS L123a.2,MS L123a.2,/Volumes/pudl/gniza_working/copied_tifs/NEH_Genizah/Bound_MS_Genizah/MS_L123a_tiffs
MS L123a.7,MS L123a.7,/Volumes/pudl/gniza_working/copied_tifs/NEH_Genizah/Bound_MS_Genizah/MS_L123a_tiffs
MS L123a.9,MS L123a.9,/Volumes/pudl/gniza_working/copied_tifs/NEH_Genizah/Bound_MS_Genizah/MS_L123a_tiffs
MS L123a.4,MS L123a.4,/Volumes/pudl/gniza_working/copied_tifs/NEH_Genizah/Bound_MS_Genizah/MS_L123a_tiffs
MS L123a.3,MS L123a.3,/Volumes/pudl/gniza_working/copied_tifs/NEH_Genizah/Bound_MS_Genizah/MS_L123a_tiffs
MS L123a.1,MS L123a.1,/Volumes/pudl/gniza_working/copied_tifs/NEH_Genizah/Bound_MS_Genizah/MS_L123a_tiffs
MS L123a.10,MS L123a.10,/Volumes/pudl/gniza_working/copied_tifs/NEH_Genizah/Bound_MS_Genizah/MS_L123a_tiffs
MS L123a.6,MS L123a.6,/Volumes/pudl/gniza_working/copied_tifs/NEH_Genizah/Bound_MS_Genizah/MS_L123a_tiffs
MS L123a.11,MS L123a.11,/Volumes/pudl/gniza_working/copied_tifs/NEH_Genizah/Bound_MS_Genizah/MS_L123a_tiffs
MS L542.5,MS L542.5,/Volumes/pudl/gniza_working/copied_tifs/NEH_Genizah/Bound_MS_Genizah/MS_L542_tiffs
MS L542.4,MS L542.4,/Volumes/pudl/gniza_working/copied_tifs/NEH_Genizah/Bound_MS_Genizah/MS_L542_tiffs
MS L542.2,MS L542.2,/Volumes/pudl/gniza_working/copied_tifs/NEH_Genizah/Bound_MS_Genizah/MS_L542_tiffs
MS L542.1,MS L542.1,/Volumes/pudl/gniza_working/copied_tifs/NEH_Genizah/Bound_MS_Genizah/MS_L542_tiffs
MS L542.3,MS L542.3,/Volumes/pudl/gniza_working/copied_tifs/NEH_Genizah/Bound_MS_Genizah/MS_L542_tiffs
MS R1000.37,MS R1000.37,/Volumes/pudl/gniza_working/copied_tifs/NEH_Genizah/Bound_MS_Genizah/MS_R1000_tiffs
MS R1000.17,MS R1000.17,/Volumes/pudl/gniza_working/copied_tifs/NEH_Genizah/Bound_MS_Genizah/MS_R1000_tiffs
MS R1000.5,MS R1000.5,/Volumes/pudl/gniza_working/copied_tifs/NEH_Genizah/Bound_MS_Genizah/MS_R1000_tiffs
MS R1000.4,MS R1000.4,/Volumes/pudl/gniza_working/copied_tifs/NEH_Genizah/Bound_MS_Genizah/MS_R1000_tiffs
MS R1000.45,MS R1000.45,/Volumes/pudl/gniza_working/copied_tifs/NEH_Genizah/Bound_MS_Genizah/MS_R1000_tiffs
MS R1000.46,MS R1000.46,/Volumes/pudl/gniza_working/copied_tifs/NEH_Genizah/Bound_MS_Genizah/MS_R1000_tiffs
MS R1000.6,MS R1000.6,/Volumes/pudl/gniza_working/copied_tifs/NEH_Genizah/Bound_MS_Genizah/MS_R1000_tiffs
MS R1000.14,MS R1000.14,/Volumes/pudl/gniza_working/copied_tifs/NEH_Genizah/Bound_MS_Genizah/MS_R1000_tiffs
MS R1000.39,MS R1000.39,/Volumes/pudl/gniza_working/copied_tifs/NEH_Genizah/Bound_MS_Genizah/MS_R1000_tiffs
MS R1000.23,MS R1000.23,/Volumes/pudl/gniza_working/copied_tifs/NEH_Genizah/Bound_MS_Genizah/MS_R1000_tiffs
MS R1000.53,MS R1000.53,/Volumes/pudl/gniza_working/copied_tifs/NEH_Genizah/Bound_MS_Genizah/MS_R1000_tiffs
MS R1000.48,MS R1000.48,/Volumes/pudl/gniza_working/copied_tifs/NEH_Genizah/Bound_MS_Genizah/MS_R1000_tiffs
MS R1000.61,MS R1000.61,/Volumes/pudl/gniza_working/copied_tifs/NEH_Genizah/Bound_MS_Genizah/MS_R1000_tiffs
MS R1000.52,MS R1000.52,/Volumes/pudl/gniza_working/copied_tifs/NEH_Genizah/Bound_MS_Genizah/MS_R1000_tiffs
MS R1000.36,MS R1000.36,/Volumes/pudl/gniza_working/copied_tifs/NEH_Genizah/Bound_MS_Genizah/MS_R1000_tiffs
MS R1000.12,MS R1000.12,/Volumes/pudl/gniza_working/copied_tifs/NEH_Genizah/Bound_MS_Genizah/MS_R1000_tiffs
MS R1000.2,MS R1000.2,/Volumes/pudl/gniza_working/copied_tifs/NEH_Genizah/Bound_MS_Genizah/MS_R1000_tiffs
MS R1000.16,MS R1000.16,/Volumes/pudl/gniza_working/copied_tifs/NEH_Genizah/Bound_MS_Genizah/MS_R1000_tiffs
MS R1000.42,MS R1000.42,/Volumes/pudl/gniza_working/copied_tifs/NEH_Genizah/Bound_MS_Genizah/MS_R1000_tiffs
MS R1000.3,MS R1000.3,/Volumes/pudl/gniza_working/copied_tifs/NEH_Genizah/Bound_MS_Genizah/MS_R1000_tiffs
MS R1000.26,MS R1000.26,/Volumes/pudl/gniza_working/copied_tifs/NEH_Genizah/Bound_MS_Genizah/MS_R1000_tiffs
MS R1000.59,MS R1000.59,/Volumes/pudl/gniza_working/copied_tifs/NEH_Genizah/Bound_MS_Genizah/MS_R1000_tiffs
MS R1000.31,MS R1000.31,/Volumes/pudl/gniza_working/copied_tifs/NEH_Genizah/Bound_MS_Genizah/MS_R1000_tiffs
MS R1000.30,MS R1000.30,/Volumes/pudl/gniza_working/copied_tifs/NEH_Genizah/Bound_MS_Genizah/MS_R1000_tiffs
MS R1000.18,MS R1000.18,/Volumes/pudl/gniza_working/copied_tifs/NEH_Genizah/Bound_MS_Genizah/MS_R1000_tiffs
MS R1000.58,MS R1000.58,/Volumes/pudl/gniza_working/copied_tifs/NEH_Genizah/Bound_MS_Genizah/MS_R1000_tiffs
MS R1000.28,MS R1000.28,/Volumes/pudl/gniza_working/copied_tifs/NEH_Genizah/Bound_MS_Genizah/MS_R1000_tiffs
MS R1000.21,MS R1000.21,/Volumes/pudl/gniza_working/copied_tifs/NEH_Genizah/Bound_MS_Genizah/MS_R1000_tiffs
MS R1000.47,MS R1000.47,/Volumes/pudl/gniza_working/copied_tifs/NEH_Genizah/Bound_MS_Genizah/MS_R1000_tiffs
MS R1000.8,MS R1000.8,/Volumes/pudl/gniza_working/copied_tifs/NEH_Genizah/Bound_MS_Genizah/MS_R1000_tiffs
MS R1000.44,MS R1000.44,/Volumes/pudl/gniza_working/copied_tifs/NEH_Genizah/Bound_MS_Genizah/MS_R1000_tiffs
MS R1000.7,MS R1000.7,/Volumes/pudl/gniza_working/copied_tifs/NEH_Genizah/Bound_MS_Genizah/MS_R1000_tiffs
MS R1000.34,MS R1000.34,/Volumes/pudl/gniza_working/copied_tifs/NEH_Genizah/Bound_MS_Genizah/MS_R1000_tiffs
MS R1000.43,MS R1000.43,/Volumes/pudl/gniza_working/copied_tifs/NEH_Genizah/Bound_MS_Genizah/MS_R1000_tiffs
MS R1000.11,MS R1000.11,/Volumes/pudl/gniza_working/copied_tifs/NEH_Genizah/Bound_MS_Genizah/MS_R1000_tiffs
MS R1000.25,MS R1000.25,/Volumes/pudl/gniza_working/copied_tifs/NEH_Genizah/Bound_MS_Genizah/MS_R1000_tiffs
MS R1000.32,MS R1000.32,/Volumes/pudl/gniza_working/copied_tifs/NEH_Genizah/Bound_MS_Genizah/MS_R1000_tiffs
MS R1000.62,MS R1000.62,/Volumes/pudl/gniza_working/copied_tifs/NEH_Genizah/Bound_MS_Genizah/MS_R1000_tiffs
MS R1000.10,MS R1000.10,/Volumes/pudl/gniza_working/copied_tifs/NEH_Genizah/Bound_MS_Genizah/MS_R1000_tiffs
MS R1000.13,MS R1000.13,/Volumes/pudl/gniza_working/copied_tifs/NEH_Genizah/Bound_MS_Genizah/MS_R1000_tiffs
MS R1000.19,MS R1000.19,/Volumes/pudl/gniza_working/copied_tifs/NEH_Genizah/Bound_MS_Genizah/MS_R1000_tiffs
MS R1000.9,MS R1000.9,/Volumes/pudl/gniza_working/copied_tifs/NEH_Genizah/Bound_MS_Genizah/MS_R1000_tiffs
MS R1000.27,MS R1000.27,/Volumes/pudl/gniza_working/copied_tifs/NEH_Genizah/Bound_MS_Genizah/MS_R1000_tiffs
MS R1000.51,MS R1000.51,/Volumes/pudl/gniza_working/copied_tifs/NEH_Genizah/Bound_MS_Genizah/MS_R1000_tiffs
MS R1000.15,MS R1000.15,/Volumes/pudl/gniza_working/copied_tifs/NEH_Genizah/Bound_MS_Genizah/MS_R1000_tiffs
MS R1000.60,MS R1000.60,/Volumes/pudl/gniza_working/copied_tifs/NEH_Genizah/Bound_MS_Genizah/MS_R1000_tiffs
MS R1000.41,MS R1000.41,/Volumes/pudl/gniza_working/copied_tifs/NEH_Genizah/Bound_MS_Genizah/MS_R1000_tiffs
MS R1000.20,MS R1000.20,/Volumes/pudl/gniza_working/copied_tifs/NEH_Genizah/Bound_MS_Genizah/MS_R1000_tiffs
MS R1000.35,MS R1000.35,/Volumes/pudl/gniza_working/copied_tifs/NEH_Genizah/Bound_MS_Genizah/MS_R1000_tiffs
MS R1000.54,MS R1000.54,/Volumes/pudl/gniza_working/copied_tifs/NEH_Genizah/Bound_MS_Genizah/MS_R1000_tiffs
MS R1000.49,MS R1000.49,/Volumes/pudl/gniza_working/copied_tifs/NEH_Genizah/Bound_MS_Genizah/MS_R1000_tiffs
MS R1000.55,MS R1000.55,/Volumes/pudl/gniza_working/copied_tifs/NEH_Genizah/Bound_MS_Genizah/MS_R1000_tiffs
MS R1000.22,MS R1000.22,/Volumes/pudl/gniza_working/copied_tifs/NEH_Genizah/Bound_MS_Genizah/MS_R1000_tiffs
MS R1000.56,MS R1000.56,/Volumes/pudl/gniza_working/copied_tifs/NEH_Genizah/Bound_MS_Genizah/MS_R1000_tiffs
MS R1000.38,MS R1000.38,/Volumes/pudl/gniza_working/copied_tifs/NEH_Genizah/Bound_MS_Genizah/MS_R1000_tiffs
MS R1000.40,MS R1000.40,/Volumes/pudl/gniza_working/copied_tifs/NEH_Genizah/Bound_MS_Genizah/MS_R1000_tiffs
MS R1000.29,MS R1000.29,/Volumes/pudl/gniza_working/copied_tifs/NEH_Genizah/Bound_MS_Genizah/MS_R1000_tiffs
MS R1000.24,MS R1000.24,/Volumes/pudl/gniza_working/copied_tifs/NEH_Genizah/Bound_MS_Genizah/MS_R1000_tiffs
MS R1000.33,MS R1000.33,/Volumes/pudl/gniza_working/copied_tifs/NEH_Genizah/Bound_MS_Genizah/MS_R1000_tiffs
MS R1000.57,MS R1000.57,/Volumes/pudl/gniza_working/copied_tifs/NEH_Genizah/Bound_MS_Genizah/MS_R1000_tiffs
MS R1000.50,MS R1000.50,/Volumes/pudl/gniza_working/copied_tifs/NEH_Genizah/Bound_MS_Genizah/MS_R1000_tiffs
MS R1000.1,MS R1000.1,/Volumes/pudl/gniza_working/copied_tifs/NEH_Genizah/Bound_MS_Genizah/MS_R1000_tiffs
MS L536.47,MS L536.47,/Volumes/pudl/gniza_working/copied_tifs/NEH_Genizah/Bound_MS_Genizah/MS_L536_tiffs
MS L536.18,MS L536.18,/Volumes/pudl/gniza_working/copied_tifs/NEH_Genizah/Bound_MS_Genizah/MS_L536_tiffs
MS L536.42,MS L536.42,/Volumes/pudl/gniza_working/copied_tifs/NEH_Genizah/Bound_MS_Genizah/MS_L536_tiffs
MS L536.16,MS L536.16,/Volumes/pudl/gniza_working/copied_tifs/NEH_Genizah/Bound_MS_Genizah/MS_L536_tiffs
MS L536.23,MS L536.23,/Volumes/pudl/gniza_working/copied_tifs/NEH_Genizah/Bound_MS_Genizah/MS_L536_tiffs
MS L536.43,MS L536.43,/Volumes/pudl/gniza_working/copied_tifs/NEH_Genizah/Bound_MS_Genizah/MS_L536_tiffs
MS L536.24,MS L536.24,/Volumes/pudl/gniza_working/copied_tifs/NEH_Genizah/Bound_MS_Genizah/MS_L536_tiffs
MS L536.48,MS L536.48,/Volumes/pudl/gniza_working/copied_tifs/NEH_Genizah/Bound_MS_Genizah/MS_L536_tiffs
MS L536.59,MS L536.59,/Volumes/pudl/gniza_working/copied_tifs/NEH_Genizah/Bound_MS_Genizah/MS_L536_tiffs
MS L536.45,MS L536.45,/Volumes/pudl/gniza_working/copied_tifs/NEH_Genizah/Bound_MS_Genizah/MS_L536_tiffs
MS L536.27,MS L536.27,/Volumes/pudl/gniza_working/copied_tifs/NEH_Genizah/Bound_MS_Genizah/MS_L536_tiffs
MS L536.61,MS L536.61,/Volumes/pudl/gniza_working/copied_tifs/NEH_Genizah/Bound_MS_Genizah/MS_L536_tiffs
MS L536.7,MS L536.7,/Volumes/pudl/gniza_working/copied_tifs/NEH_Genizah/Bound_MS_Genizah/MS_L536_tiffs
MS L536.32,MS L536.32,/Volumes/pudl/gniza_working/copied_tifs/NEH_Genizah/Bound_MS_Genizah/MS_L536_tiffs
MS L536.6,MS L536.6,/Volumes/pudl/gniza_working/copied_tifs/NEH_Genizah/Bound_MS_Genizah/MS_L536_tiffs
MS L536.19,MS L536.19,/Volumes/pudl/gniza_working/copied_tifs/NEH_Genizah/Bound_MS_Genizah/MS_L536_tiffs
MS L536.31,MS L536.31,/Volumes/pudl/gniza_working/copied_tifs/NEH_Genizah/Bound_MS_Genizah/MS_L536_tiffs
MS L536.44,MS L536.44,/Volumes/pudl/gniza_working/copied_tifs/NEH_Genizah/Bound_MS_Genizah/MS_L536_tiffs
MS L536.52,MS L536.52,/Volumes/pudl/gniza_working/copied_tifs/NEH_Genizah/Bound_MS_Genizah/MS_L536_tiffs
MS L536.37,MS L536.37,/Volumes/pudl/gniza_working/copied_tifs/NEH_Genizah/Bound_MS_Genizah/MS_L536_tiffs
MS L536.56,MS L536.56,/Volumes/pudl/gniza_working/copied_tifs/NEH_Genizah/Bound_MS_Genizah/MS_L536_tiffs
MS L536.36,MS L536.36,/Volumes/pudl/gniza_working/copied_tifs/NEH_Genizah/Bound_MS_Genizah/MS_L536_tiffs
MS L536.3,MS L536.3,/Volumes/pudl/gniza_working/copied_tifs/NEH_Genizah/Bound_MS_Genizah/MS_L536_tiffs
MS L536.25,MS L536.25,/Volumes/pudl/gniza_working/copied_tifs/NEH_Genizah/Bound_MS_Genizah/MS_L536_tiffs
MS L536.30,MS L536.30,/Volumes/pudl/gniza_working/copied_tifs/NEH_Genizah/Bound_MS_Genizah/MS_L536_tiffs
MS L536.51,MS L536.51,/Volumes/pudl/gniza_working/copied_tifs/NEH_Genizah/Bound_MS_Genizah/MS_L536_tiffs
MS L536.1,MS L536.1,/Volumes/pudl/gniza_working/copied_tifs/NEH_Genizah/Bound_MS_Genizah/MS_L536_tiffs
MS L536.40,MS L536.40,/Volumes/pudl/gniza_working/copied_tifs/NEH_Genizah/Bound_MS_Genizah/MS_L536_tiffs
MS L536.22,MS L536.22,/Volumes/pudl/gniza_working/copied_tifs/NEH_Genizah/Bound_MS_Genizah/MS_L536_tiffs
MS L536.2,MS L536.2,/Volumes/pudl/gniza_working/copied_tifs/NEH_Genizah/Bound_MS_Genizah/MS_L536_tiffs
MS L536.57,MS L536.57,/Volumes/pudl/gniza_working/copied_tifs/NEH_Genizah/Bound_MS_Genizah/MS_L536_tiffs
MS L536.54,MS L536.54,/Volumes/pudl/gniza_working/copied_tifs/NEH_Genizah/Bound_MS_Genizah/MS_L536_tiffs
MS L536.41,MS L536.41,/Volumes/pudl/gniza_working/copied_tifs/NEH_Genizah/Bound_MS_Genizah/MS_L536_tiffs
MS L536.60,MS L536.60,/Volumes/pudl/gniza_working/copied_tifs/NEH_Genizah/Bound_MS_Genizah/MS_L536_tiffs
MS L536.5,MS L536.5,/Volumes/pudl/gniza_working/copied_tifs/NEH_Genizah/Bound_MS_Genizah/MS_L536_tiffs
MS L536.17,MS L536.17,/Volumes/pudl/gniza_working/copied_tifs/NEH_Genizah/Bound_MS_Genizah/MS_L536_tiffs
MS L536.35,MS L536.35,/Volumes/pudl/gniza_working/copied_tifs/NEH_Genizah/Bound_MS_Genizah/MS_L536_tiffs
MS L536.9,MS L536.9,/Volumes/pudl/gniza_working/copied_tifs/NEH_Genizah/Bound_MS_Genizah/MS_L536_tiffs
MS L536.50,MS L536.50,/Volumes/pudl/gniza_working/copied_tifs/NEH_Genizah/Bound_MS_Genizah/MS_L536_tiffs
MS L536.62,MS L536.62,/Volumes/pudl/gniza_working/copied_tifs/NEH_Genizah/Bound_MS_Genizah/MS_L536_tiffs
MS L536.4,MS L536.4,/Volumes/pudl/gniza_working/copied_tifs/NEH_Genizah/Bound_MS_Genizah/MS_L536_tiffs
MS L536.20,MS L536.20,/Volumes/pudl/gniza_working/copied_tifs/NEH_Genizah/Bound_MS_Genizah/MS_L536_tiffs
MS L536.15,MS L536.15,/Volumes/pudl/gniza_working/copied_tifs/NEH_Genizah/Bound_MS_Genizah/MS_L536_tiffs
MS L536.49,MS L536.49,/Volumes/pudl/gniza_working/copied_tifs/NEH_Genizah/Bound_MS_Genizah/MS_L536_tiffs
MS L536.10,MS L536.10,/Volumes/pudl/gniza_working/copied_tifs/NEH_Genizah/Bound_MS_Genizah/MS_L536_tiffs
MS L536.8,MS L536.8,/Volumes/pudl/gniza_working/copied_tifs/NEH_Genizah/Bound_MS_Genizah/MS_L536_tiffs
MS L536.28,MS L536.28,/Volumes/pudl/gniza_working/copied_tifs/NEH_Genizah/Bound_MS_Genizah/MS_L536_tiffs
MS L536.33,MS L536.33,/Volumes/pudl/gniza_working/copied_tifs/NEH_Genizah/Bound_MS_Genizah/MS_L536_tiffs
MS L536.58,MS L536.58,/Volumes/pudl/gniza_working/copied_tifs/NEH_Genizah/Bound_MS_Genizah/MS_L536_tiffs
MS L536.14,MS L536.14,/Volumes/pudl/gniza_working/copied_tifs/NEH_Genizah/Bound_MS_Genizah/MS_L536_tiffs
MS L536.34,MS L536.34,/Volumes/pudl/gniza_working/copied_tifs/NEH_Genizah/Bound_MS_Genizah/MS_L536_tiffs
MS L536.55,MS L536.55,/Volumes/pudl/gniza_working/copied_tifs/NEH_Genizah/Bound_MS_Genizah/MS_L536_tiffs
MS L536.46,MS L536.46,/Volumes/pudl/gniza_working/copied_tifs/NEH_Genizah/Bound_MS_Genizah/MS_L536_tiffs
MS L536.11,MS L536.11,/Volumes/pudl/gniza_working/copied_tifs/NEH_Genizah/Bound_MS_Genizah/MS_L536_tiffs
MS L536.13,MS L536.13,/Volumes/pudl/gniza_working/copied_tifs/NEH_Genizah/Bound_MS_Genizah/MS_L536_tiffs
MS L536.29,MS L536.29,/Volumes/pudl/gniza_working/copied_tifs/NEH_Genizah/Bound_MS_Genizah/MS_L536_tiffs
MS L536.39,MS L536.39,/Volumes/pudl/gniza_working/copied_tifs/NEH_Genizah/Bound_MS_Genizah/MS_L536_tiffs
MS L536.12,MS L536.12,/Volumes/pudl/gniza_working/copied_tifs/NEH_Genizah/Bound_MS_Genizah/MS_L536_tiffs
MS L536.26,MS L536.26,/Volumes/pudl/gniza_working/copied_tifs/NEH_Genizah/Bound_MS_Genizah/MS_L536_tiffs
MS L536.53,MS L536.53,/Volumes/pudl/gniza_working/copied_tifs/NEH_Genizah/Bound_MS_Genizah/MS_L536_tiffs
MS L536.21,MS L536.21,/Volumes/pudl/gniza_working/copied_tifs/NEH_Genizah/Bound_MS_Genizah/MS_L536_tiffs
MS L536.38,MS L536.38,/Volumes/pudl/gniza_working/copied_tifs/NEH_Genizah/Bound_MS_Genizah/MS_L536_tiffs
MS R17.1,MS R17.1,/Volumes/pudl/gniza_working/copied_tifs/NEH_Genizah/Bound_MS_Genizah/MS_R107_tiffs
MS R17.3,MS R17.3,/Volumes/pudl/gniza_working/copied_tifs/NEH_Genizah/Bound_MS_Genizah/MS_R107_tiffs
MS R17.2,MS R17.2,/Volumes/pudl/gniza_working/copied_tifs/NEH_Genizah/Bound_MS_Genizah/MS_R107_tiffs
MS L502.1,MS L502.1,/Volumes/pudl/gniza_working/copied_tifs/NEH_Genizah/Bound_MS_Genizah/MS_L502_tiffs
MS L502.23,MS L502.23,/Volumes/pudl/gniza_working/copied_tifs/NEH_Genizah/Bound_MS_Genizah/MS_L502_tiffs
MS L502.18,MS L502.18,/Volumes/pudl/gniza_working/copied_tifs/NEH_Genizah/Bound_MS_Genizah/MS_L502_tiffs
MS L502.6,MS L502.6,/Volumes/pudl/gniza_working/copied_tifs/NEH_Genizah/Bound_MS_Genizah/MS_L502_tiffs
MS L502.4,MS L502.4,/Volumes/pudl/gniza_working/copied_tifs/NEH_Genizah/Bound_MS_Genizah/MS_L502_tiffs
MS L502.19,MS L502.19,/Volumes/pudl/gniza_working/copied_tifs/NEH_Genizah/Bound_MS_Genizah/MS_L502_tiffs
MS L502.8,MS L502.8,/Volumes/pudl/gniza_working/copied_tifs/NEH_Genizah/Bound_MS_Genizah/MS_L502_tiffs
MS L502.10,MS L502.10,/Volumes/pudl/gniza_working/copied_tifs/NEH_Genizah/Bound_MS_Genizah/MS_L502_tiffs
MS L502.14,MS L502.14,/Volumes/pudl/gniza_working/copied_tifs/NEH_Genizah/Bound_MS_Genizah/MS_L502_tiffs
MS L502.17,MS L502.17,/Volumes/pudl/gniza_working/copied_tifs/NEH_Genizah/Bound_MS_Genizah/MS_L502_tiffs
MS L502.3,MS L502.3,/Volumes/pudl/gniza_working/copied_tifs/NEH_Genizah/Bound_MS_Genizah/MS_L502_tiffs
MS L502.20,MS L502.20,/Volumes/pudl/gniza_working/copied_tifs/NEH_Genizah/Bound_MS_Genizah/MS_L502_tiffs
MS L502.9,MS L502.9,/Volumes/pudl/gniza_working/copied_tifs/NEH_Genizah/Bound_MS_Genizah/MS_L502_tiffs
MS L502.24,MS L502.24,/Volumes/pudl/gniza_working/copied_tifs/NEH_Genizah/Bound_MS_Genizah/MS_L502_tiffs
MS L502.7,MS L502.7,/Volumes/pudl/gniza_working/copied_tifs/NEH_Genizah/Bound_MS_Genizah/MS_L502_tiffs
MS L502.21,MS L502.21,/Volumes/pudl/gniza_working/copied_tifs/NEH_Genizah/Bound_MS_Genizah/MS_L502_tiffs
MS L502.13,MS L502.13,/Volumes/pudl/gniza_working/copied_tifs/NEH_Genizah/Bound_MS_Genizah/MS_L502_tiffs
MS L502.15,MS L502.15,/Volumes/pudl/gniza_working/copied_tifs/NEH_Genizah/Bound_MS_Genizah/MS_L502_tiffs
MS L502.11,MS L502.11,/Volumes/pudl/gniza_working/copied_tifs/NEH_Genizah/Bound_MS_Genizah/MS_L502_tiffs
MS L502.12,MS L502.12,/Volumes/pudl/gniza_working/copied_tifs/NEH_Genizah/Bound_MS_Genizah/MS_L502_tiffs
MS L502.2,MS L502.2,/Volumes/pudl/gniza_working/copied_tifs/NEH_Genizah/Bound_MS_Genizah/MS_L502_tiffs
MS L502.16,MS L502.16,/Volumes/pudl/gniza_working/copied_tifs/NEH_Genizah/Bound_MS_Genizah/MS_L502_tiffs
MS L502.22,MS L502.22,/Volumes/pudl/gniza_working/copied_tifs/NEH_Genizah/Bound_MS_Genizah/MS_L502_tiffs
MS L502.5,MS L502.5,/Volumes/pudl/gniza_working/copied_tifs/NEH_Genizah/Bound_MS_Genizah/MS_L502_tiffs
MS R1892.4,MS R1892.4,/Volumes/pudl/gniza_working/copied_tifs/NEH_Genizah/Bound_MS_Genizah/MS_R1892_tiffs
MS R1892.7,MS R1892.7,/Volumes/pudl/gniza_working/copied_tifs/NEH_Genizah/Bound_MS_Genizah/MS_R1892_tiffs
MS R1892.6,MS R1892.6,/Volumes/pudl/gniza_working/copied_tifs/NEH_Genizah/Bound_MS_Genizah/MS_R1892_tiffs
MS R1892.5,MS R1892.5,/Volumes/pudl/gniza_working/copied_tifs/NEH_Genizah/Bound_MS_Genizah/MS_R1892_tiffs
MS R1892.2,MS R1892.2,/Volumes/pudl/gniza_working/copied_tifs/NEH_Genizah/Bound_MS_Genizah/MS_R1892_tiffs
MS R1892.3,MS R1892.3,/Volumes/pudl/gniza_working/copied_tifs/NEH_Genizah/Bound_MS_Genizah/MS_R1892_tiffs
MS R1892.1,MS R1892.1,/Volumes/pudl/gniza_working/copied_tifs/NEH_Genizah/Bound_MS_Genizah/MS_R1892_tiffs
MS L578.3,MS L578.3,/Volumes/pudl/gniza_working/copied_tifs/NEH_Genizah/Bound_MS_Genizah/MS_L578_tiffs
MS L578.9,MS L578.9,/Volumes/pudl/gniza_working/copied_tifs/NEH_Genizah/Bound_MS_Genizah/MS_L578_tiffs
MS L578.5,MS L578.5,/Volumes/pudl/gniza_working/copied_tifs/NEH_Genizah/Bound_MS_Genizah/MS_L578_tiffs
MS L578.10,MS L578.10,/Volumes/pudl/gniza_working/copied_tifs/NEH_Genizah/Bound_MS_Genizah/MS_L578_tiffs
MS L578.11,MS L578.11,/Volumes/pudl/gniza_working/copied_tifs/NEH_Genizah/Bound_MS_Genizah/MS_L578_tiffs
MS L578.7,MS L578.7,/Volumes/pudl/gniza_working/copied_tifs/NEH_Genizah/Bound_MS_Genizah/MS_L578_tiffs
MS L578.6,MS L578.6,/Volumes/pudl/gniza_working/copied_tifs/NEH_Genizah/Bound_MS_Genizah/MS_L578_tiffs
MS L578.4,MS L578.4,/Volumes/pudl/gniza_working/copied_tifs/NEH_Genizah/Bound_MS_Genizah/MS_L578_tiffs
MS L578.8,MS L578.8,/Volumes/pudl/gniza_working/copied_tifs/NEH_Genizah/Bound_MS_Genizah/MS_L578_tiffs
MS L578.2,MS L578.2,/Volumes/pudl/gniza_working/copied_tifs/NEH_Genizah/Bound_MS_Genizah/MS_L578_tiffs
MS L578.1,MS L578.1,/Volumes/pudl/gniza_working/copied_tifs/NEH_Genizah/Bound_MS_Genizah/MS_L578_tiffs
MS L578.12,MS L578.12,/Volumes/pudl/gniza_working/copied_tifs/NEH_Genizah/Bound_MS_Genizah/MS_L578_tiffs
MS 2436.4,MS 2436.4,/Volumes/pudl/gniza_working/copied_tifs/NEH_Genizah/Bound_MS_Genizah/MS_2436_tiffs
MS 2436.1,MS 2436.1,/Volumes/pudl/gniza_working/copied_tifs/NEH_Genizah/Bound_MS_Genizah/MS_2436_tiffs
MS 2436.6,MS 2436.6,/Volumes/pudl/gniza_working/copied_tifs/NEH_Genizah/Bound_MS_Genizah/MS_2436_tiffs
MS 2436.3,MS 2436.3,/Volumes/pudl/gniza_working/copied_tifs/NEH_Genizah/Bound_MS_Genizah/MS_2436_tiffs
MS 2436.5,MS 2436.5,/Volumes/pudl/gniza_working/copied_tifs/NEH_Genizah/Bound_MS_Genizah/MS_2436_tiffs
MS 2436.2,MS 2436.2,/Volumes/pudl/gniza_working/copied_tifs/NEH_Genizah/Bound_MS_Genizah/MS_2436_tiffs
MS 1558.13,MS 1558.13,/Volumes/pudl/gniza_working/copied_tifs/NEH_Genizah/Bound_MS_Genizah/MS_1558_tiffs
MS 1558.8,MS 1558.8,/Volumes/pudl/gniza_working/copied_tifs/NEH_Genizah/Bound_MS_Genizah/MS_1558_tiffs
MS 1558.6,MS 1558.6,/Volumes/pudl/gniza_working/copied_tifs/NEH_Genizah/Bound_MS_Genizah/MS_1558_tiffs
MS 1558.2,MS 1558.2,/Volumes/pudl/gniza_working/copied_tifs/NEH_Genizah/Bound_MS_Genizah/MS_1558_tiffs
MS 1558.15,MS 1558.15,/Volumes/pudl/gniza_working/copied_tifs/NEH_Genizah/Bound_MS_Genizah/MS_1558_tiffs
MS 1558.4,MS 1558.4,/Volumes/pudl/gniza_working/copied_tifs/NEH_Genizah/Bound_MS_Genizah/MS_1558_tiffs
MS 1558.1,MS 1558.1,/Volumes/pudl/gniza_working/copied_tifs/NEH_Genizah/Bound_MS_Genizah/MS_1558_tiffs
MS 1558.12,MS 1558.12,/Volumes/pudl/gniza_working/copied_tifs/NEH_Genizah/Bound_MS_Genizah/MS_1558_tiffs
MS 1558.3,MS 1558.3,/Volumes/pudl/gniza_working/copied_tifs/NEH_Genizah/Bound_MS_Genizah/MS_1558_tiffs
MS 1558.5,MS 1558.5,/Volumes/pudl/gniza_working/copied_tifs/NEH_Genizah/Bound_MS_Genizah/MS_1558_tiffs
MS 1558.10,MS 1558.10,/Volumes/pudl/gniza_working/copied_tifs/NEH_Genizah/Bound_MS_Genizah/MS_1558_tiffs
MS 1558.7,MS 1558.7,/Volumes/pudl/gniza_working/copied_tifs/NEH_Genizah/Bound_MS_Genizah/MS_1558_tiffs
MS 1558.9,MS 1558.9,/Volumes/pudl/gniza_working/copied_tifs/NEH_Genizah/Bound_MS_Genizah/MS_1558_tiffs
MS 1558.11,MS 1558.11,/Volumes/pudl/gniza_working/copied_tifs/NEH_Genizah/Bound_MS_Genizah/MS_1558_tiffs
MS 1558.14,MS 1558.14,/Volumes/pudl/gniza_working/copied_tifs/NEH_Genizah/Bound_MS_Genizah/MS_1558_tiffs
MS L534.13,MS L534.13,/Volumes/pudl/gniza_working/copied_tifs/NEH_Genizah/Bound_MS_Genizah/MS_L534_tiffs
MS L534.6,MS L534.6,/Volumes/pudl/gniza_working/copied_tifs/NEH_Genizah/Bound_MS_Genizah/MS_L534_tiffs
MS L534.2,MS L534.2,/Volumes/pudl/gniza_working/copied_tifs/NEH_Genizah/Bound_MS_Genizah/MS_L534_tiffs
MS L534.5,MS L534.5,/Volumes/pudl/gniza_working/copied_tifs/NEH_Genizah/Bound_MS_Genizah/MS_L534_tiffs
MS L534.3,MS L534.3,/Volumes/pudl/gniza_working/copied_tifs/NEH_Genizah/Bound_MS_Genizah/MS_L534_tiffs
MS L534.12,MS L534.12,/Volumes/pudl/gniza_working/copied_tifs/NEH_Genizah/Bound_MS_Genizah/MS_L534_tiffs
MS L534.8,MS L534.8,/Volumes/pudl/gniza_working/copied_tifs/NEH_Genizah/Bound_MS_Genizah/MS_L534_tiffs
MS L534.10,MS L534.10,/Volumes/pudl/gniza_working/copied_tifs/NEH_Genizah/Bound_MS_Genizah/MS_L534_tiffs
MS L534.14,MS L534.14,/Volumes/pudl/gniza_working/copied_tifs/NEH_Genizah/Bound_MS_Genizah/MS_L534_tiffs
MS L534.4,MS L534.4,/Volumes/pudl/gniza_working/copied_tifs/NEH_Genizah/Bound_MS_Genizah/MS_L534_tiffs
MS L534.15,MS L534.15,/Volumes/pudl/gniza_working/copied_tifs/NEH_Genizah/Bound_MS_Genizah/MS_L534_tiffs
MS L534.16,MS L534.16,/Volumes/pudl/gniza_working/copied_tifs/NEH_Genizah/Bound_MS_Genizah/MS_L534_tiffs
MS L534.7,MS L534.7,/Volumes/pudl/gniza_working/copied_tifs/NEH_Genizah/Bound_MS_Genizah/MS_L534_tiffs
MS L534.9,MS L534.9,/Volumes/pudl/gniza_working/copied_tifs/NEH_Genizah/Bound_MS_Genizah/MS_L534_tiffs
MS L534.17,MS L534.17,/Volumes/pudl/gniza_working/copied_tifs/NEH_Genizah/Bound_MS_Genizah/MS_L534_tiffs
MS L534.11,MS L534.11,/Volumes/pudl/gniza_working/copied_tifs/NEH_Genizah/Bound_MS_Genizah/MS_L534_tiffs
MS L534.1,MS L534.1,/Volumes/pudl/gniza_working/copied_tifs/NEH_Genizah/Bound_MS_Genizah/MS_L534_tiffs
MS L242.4,MS L242.4,/Volumes/pudl/gniza_working/copied_tifs/NEH_Genizah/Bound_MS_Genizah/MS_L242_tiffs
MS L242.7,MS L242.7,/Volumes/pudl/gniza_working/copied_tifs/NEH_Genizah/Bound_MS_Genizah/MS_L242_tiffs
MS L242.5,MS L242.5,/Volumes/pudl/gniza_working/copied_tifs/NEH_Genizah/Bound_MS_Genizah/MS_L242_tiffs
MS L242.1,MS L242.1,/Volumes/pudl/gniza_working/copied_tifs/NEH_Genizah/Bound_MS_Genizah/MS_L242_tiffs
MS L242.3,MS L242.3,/Volumes/pudl/gniza_working/copied_tifs/NEH_Genizah/Bound_MS_Genizah/MS_L242_tiffs
MS L242.6,MS L242.6,/Volumes/pudl/gniza_working/copied_tifs/NEH_Genizah/Bound_MS_Genizah/MS_L242_tiffs
MS L242.8,MS L242.8,/Volumes/pudl/gniza_working/copied_tifs/NEH_Genizah/Bound_MS_Genizah/MS_L242_tiffs
MS L242.2,MS L242.2,/Volumes/pudl/gniza_working/copied_tifs/NEH_Genizah/Bound_MS_Genizah/MS_L242_tiffs
MS L242.9,MS L242.9,/Volumes/pudl/gniza_working/copied_tifs/NEH_Genizah/Bound_MS_Genizah/MS_L242_tiffs
MS L547.1,MS L547.1,/Volumes/pudl/gniza_working/copied_tifs/NEH_Genizah/Bound_MS_Genizah/MS_L547_tiffs
MS L547.5,MS L547.5,/Volumes/pudl/gniza_working/copied_tifs/NEH_Genizah/Bound_MS_Genizah/MS_L547_tiffs
MS L547.7,MS L547.7,/Volumes/pudl/gniza_working/copied_tifs/NEH_Genizah/Bound_MS_Genizah/MS_L547_tiffs
MS L547.9,MS L547.9,/Volumes/pudl/gniza_working/copied_tifs/NEH_Genizah/Bound_MS_Genizah/MS_L547_tiffs
MS L547.8,MS L547.8,/Volumes/pudl/gniza_working/copied_tifs/NEH_Genizah/Bound_MS_Genizah/MS_L547_tiffs
MS L547.6,MS L547.6,/Volumes/pudl/gniza_working/copied_tifs/NEH_Genizah/Bound_MS_Genizah/MS_L547_tiffs
MS L547.4,MS L547.4,/Volumes/pudl/gniza_working/copied_tifs/NEH_Genizah/Bound_MS_Genizah/MS_L547_tiffs
MS L547.3,MS L547.3,/Volumes/pudl/gniza_working/copied_tifs/NEH_Genizah/Bound_MS_Genizah/MS_L547_tiffs
MS L547.2,MS L547.2,/Volumes/pudl/gniza_working/copied_tifs/NEH_Genizah/Bound_MS_Genizah/MS_L547_tiffs
MS L711.1,MS L711.1,/Volumes/pudl/gniza_working/copied_tifs/NEH_Genizah/Bound_MS_Genizah/MS_L711_tiffs
MS L711.6,MS L711.6,/Volumes/pudl/gniza_working/copied_tifs/NEH_Genizah/Bound_MS_Genizah/MS_L711_tiffs
MS L711.4,MS L711.4,/Volumes/pudl/gniza_working/copied_tifs/NEH_Genizah/Bound_MS_Genizah/MS_L711_tiffs
MS L711.2,MS L711.2,/Volumes/pudl/gniza_working/copied_tifs/NEH_Genizah/Bound_MS_Genizah/MS_L711_tiffs
MS L711.3,MS L711.3,/Volumes/pudl/gniza_working/copied_tifs/NEH_Genizah/Bound_MS_Genizah/MS_L711_tiffs
MS L711.5,MS L711.5,/Volumes/pudl/gniza_working/copied_tifs/NEH_Genizah/Bound_MS_Genizah/MS_L711_tiffs
MS L523.4,MS L523.4,/Volumes/pudl/gniza_working/copied_tifs/NEH_Genizah/Bound_MS_Genizah/MS_L523_tiffs
MS L523.6,MS L523.6,/Volumes/pudl/gniza_working/copied_tifs/NEH_Genizah/Bound_MS_Genizah/MS_L523_tiffs
MS L523.7,MS L523.7,/Volumes/pudl/gniza_working/copied_tifs/NEH_Genizah/Bound_MS_Genizah/MS_L523_tiffs
MS L523.5,MS L523.5,/Volumes/pudl/gniza_working/copied_tifs/NEH_Genizah/Bound_MS_Genizah/MS_L523_tiffs
MS L523.9,MS L523.9,/Volumes/pudl/gniza_working/copied_tifs/NEH_Genizah/Bound_MS_Genizah/MS_L523_tiffs
MS L523.2,MS L523.2,/Volumes/pudl/gniza_working/copied_tifs/NEH_Genizah/Bound_MS_Genizah/MS_L523_tiffs
MS L523.1,MS L523.1,/Volumes/pudl/gniza_working/copied_tifs/NEH_Genizah/Bound_MS_Genizah/MS_L523_tiffs
MS L523.8,MS L523.8,/Volumes/pudl/gniza_working/copied_tifs/NEH_Genizah/Bound_MS_Genizah/MS_L523_tiffs
MS L523.3,MS L523.3,/Volumes/pudl/gniza_working/copied_tifs/NEH_Genizah/Bound_MS_Genizah/MS_L523_tiffs
MS L51.1,MS L51.1,/Volumes/pudl/gniza_working/copied_tifs/NEH_Genizah/Bound_MS_Genizah/MS_L51_tiffs
MS L51.2,MS L51.2,/Volumes/pudl/gniza_working/copied_tifs/NEH_Genizah/Bound_MS_Genizah/MS_L51_tiffs
MS L61.1,MS L61.1,/Volumes/pudl/gniza_working/copied_tifs/NEH_Genizah/Bound_MS_Genizah/MS_L61_tiffs
MS L61.4,MS L61.4,/Volumes/pudl/gniza_working/copied_tifs/NEH_Genizah/Bound_MS_Genizah/MS_L61_tiffs
MS L61.14,MS L61.14,/Volumes/pudl/gniza_working/copied_tifs/NEH_Genizah/Bound_MS_Genizah/MS_L61_tiffs
MS L61.8,MS L61.8,/Volumes/pudl/gniza_working/copied_tifs/NEH_Genizah/Bound_MS_Genizah/MS_L61_tiffs
MS L61.2,MS L61.2,/Volumes/pudl/gniza_working/copied_tifs/NEH_Genizah/Bound_MS_Genizah/MS_L61_tiffs
MS L61.12,MS L61.12,/Volumes/pudl/gniza_working/copied_tifs/NEH_Genizah/Bound_MS_Genizah/MS_L61_tiffs
MS L61.13,MS L61.13,/Volumes/pudl/gniza_working/copied_tifs/NEH_Genizah/Bound_MS_Genizah/MS_L61_tiffs
MS L61.5,MS L61.5,/Volumes/pudl/gniza_working/copied_tifs/NEH_Genizah/Bound_MS_Genizah/MS_L61_tiffs
MS L61.6,MS L61.6,/Volumes/pudl/gniza_working/copied_tifs/NEH_Genizah/Bound_MS_Genizah/MS_L61_tiffs
MS L61.9,MS L61.9,/Volumes/pudl/gniza_working/copied_tifs/NEH_Genizah/Bound_MS_Genizah/MS_L61_tiffs
MS L61.3,MS L61.3,/Volumes/pudl/gniza_working/copied_tifs/NEH_Genizah/Bound_MS_Genizah/MS_L61_tiffs
MS L61.7,MS L61.7,/Volumes/pudl/gniza_working/copied_tifs/NEH_Genizah/Bound_MS_Genizah/MS_L61_tiffs
MS L61.10,MS L61.10,/Volumes/pudl/gniza_working/copied_tifs/NEH_Genizah/Bound_MS_Genizah/MS_L61_tiffs
MS L61.11,MS L61.11,/Volumes/pudl/gniza_working/copied_tifs/NEH_Genizah/Bound_MS_Genizah/MS_L61_tiffs
MS L228.15,MS L228.15,/Volumes/pudl/gniza_working/copied_tifs/NEH_Genizah/Bound_MS_Genizah/MS_L228_tiffs
MS L228.7,MS L228.7,/Volumes/pudl/gniza_working/copied_tifs/NEH_Genizah/Bound_MS_Genizah/MS_L228_tiffs
MS L228.17,MS L228.17,/Volumes/pudl/gniza_working/copied_tifs/NEH_Genizah/Bound_MS_Genizah/MS_L228_tiffs
MS L228.18,MS L228.18,/Volumes/pudl/gniza_working/copied_tifs/NEH_Genizah/Bound_MS_Genizah/MS_L228_tiffs
MS L228.20,MS L228.20,/Volumes/pudl/gniza_working/copied_tifs/NEH_Genizah/Bound_MS_Genizah/MS_L228_tiffs
MS L228.2,MS L228.2,/Volumes/pudl/gniza_working/copied_tifs/NEH_Genizah/Bound_MS_Genizah/MS_L228_tiffs
MS L228.19,MS L228.19,/Volumes/pudl/gniza_working/copied_tifs/NEH_Genizah/Bound_MS_Genizah/MS_L228_tiffs
MS L228.12,MS L228.12,/Volumes/pudl/gniza_working/copied_tifs/NEH_Genizah/Bound_MS_Genizah/MS_L228_tiffs
MS L228.4,MS L228.4,/Volumes/pudl/gniza_working/copied_tifs/NEH_Genizah/Bound_MS_Genizah/MS_L228_tiffs
MS L228.21,MS L228.21,/Volumes/pudl/gniza_working/copied_tifs/NEH_Genizah/Bound_MS_Genizah/MS_L228_tiffs
MS L228.14,MS L228.14,/Volumes/pudl/gniza_working/copied_tifs/NEH_Genizah/Bound_MS_Genizah/MS_L228_tiffs
MS L228.9,MS L228.9,/Volumes/pudl/gniza_working/copied_tifs/NEH_Genizah/Bound_MS_Genizah/MS_L228_tiffs
MS L228.5,MS L228.5,/Volumes/pudl/gniza_working/copied_tifs/NEH_Genizah/Bound_MS_Genizah/MS_L228_tiffs
MS L228.6,MS L228.6,/Volumes/pudl/gniza_working/copied_tifs/NEH_Genizah/Bound_MS_Genizah/MS_L228_tiffs
MS L228.8,MS L228.8,/Volumes/pudl/gniza_working/copied_tifs/NEH_Genizah/Bound_MS_Genizah/MS_L228_tiffs
MS L228.3,MS L228.3,/Volumes/pudl/gniza_working/copied_tifs/NEH_Genizah/Bound_MS_Genizah/MS_L228_tiffs
MS L228.11,MS L228.11,/Volumes/pudl/gniza_working/copied_tifs/NEH_Genizah/Bound_MS_Genizah/MS_L228_tiffs
MS L228.10,MS L228.10,/Volumes/pudl/gniza_working/copied_tifs/NEH_Genizah/Bound_MS_Genizah/MS_L228_tiffs
MS L228.16,MS L228.16,/Volumes/pudl/gniza_working/copied_tifs/NEH_Genizah/Bound_MS_Genizah/MS_L228_tiffs
MS L228.1,MS L228.1,/Volumes/pudl/gniza_working/copied_tifs/NEH_Genizah/Bound_MS_Genizah/MS_L228_tiffs
MS L228.13,MS L228.13,/Volumes/pudl/gniza_working/copied_tifs/NEH_Genizah/Bound_MS_Genizah/MS_L228_tiffs
MS L228.22,MS L228.22,/Volumes/pudl/gniza_working/copied_tifs/NEH_Genizah/Bound_MS_Genizah/MS_L228_tiffs
MS L522.10,MS L522.10,/Volumes/pudl/gniza_working/copied_tifs/NEH_Genizah/Bound_MS_Genizah/MS_L522_tiffs
MS L522.6,MS L522.6,/Volumes/pudl/gniza_working/copied_tifs/NEH_Genizah/Bound_MS_Genizah/MS_L522_tiffs
MS L522.9,MS L522.9,/Volumes/pudl/gniza_working/copied_tifs/NEH_Genizah/Bound_MS_Genizah/MS_L522_tiffs
MS L522.8,MS L522.8,/Volumes/pudl/gniza_working/copied_tifs/NEH_Genizah/Bound_MS_Genizah/MS_L522_tiffs
MS L522.7,MS L522.7,/Volumes/pudl/gniza_working/copied_tifs/NEH_Genizah/Bound_MS_Genizah/MS_L522_tiffs
MS L522.1,MS L522.1,/Volumes/pudl/gniza_working/copied_tifs/NEH_Genizah/Bound_MS_Genizah/MS_L522_tiffs
MS L522.5,MS L522.5,/Volumes/pudl/gniza_working/copied_tifs/NEH_Genizah/Bound_MS_Genizah/MS_L522_tiffs
MS L522.3,MS L522.3,/Volumes/pudl/gniza_working/copied_tifs/NEH_Genizah/Bound_MS_Genizah/MS_L522_tiffs
MS L522.2,MS L522.2,/Volumes/pudl/gniza_working/copied_tifs/NEH_Genizah/Bound_MS_Genizah/MS_L522_tiffs
MS L522.4,MS L522.4,/Volumes/pudl/gniza_working/copied_tifs/NEH_Genizah/Bound_MS_Genizah/MS_L522_tiffs
MS L551.1,MS L551.1,/Volumes/pudl/gniza_working/copied_tifs/NEH_Genizah/Bound_MS_Genizah/MS_L551_tiffs
MS L551.3,MS L551.3,/Volumes/pudl/gniza_working/copied_tifs/NEH_Genizah/Bound_MS_Genizah/MS_L551_tiffs
MS L551.6,MS L551.6,/Volumes/pudl/gniza_working/copied_tifs/NEH_Genizah/Bound_MS_Genizah/MS_L551_tiffs
MS L551.4,MS L551.4,/Volumes/pudl/gniza_working/copied_tifs/NEH_Genizah/Bound_MS_Genizah/MS_L551_tiffs
MS L551.9,MS L551.9,/Volumes/pudl/gniza_working/copied_tifs/NEH_Genizah/Bound_MS_Genizah/MS_L551_tiffs
MS L551.8,MS L551.8,/Volumes/pudl/gniza_working/copied_tifs/NEH_Genizah/Bound_MS_Genizah/MS_L551_tiffs
MS L551.2,MS L551.2,/Volumes/pudl/gniza_working/copied_tifs/NEH_Genizah/Bound_MS_Genizah/MS_L551_tiffs
MS L551.7,MS L551.7,/Volumes/pudl/gniza_working/copied_tifs/NEH_Genizah/Bound_MS_Genizah/MS_L551_tiffs
MS L551.5,MS L551.5,/Volumes/pudl/gniza_working/copied_tifs/NEH_Genizah/Bound_MS_Genizah/MS_L551_tiffs
MS L605.14,MS L605.14,/Volumes/pudl/gniza_working/copied_tifs/NEH_Genizah/Bound_MS_Genizah/MS_L605_tiffs
MS L605.20,MS L605.20,/Volumes/pudl/gniza_working/copied_tifs/NEH_Genizah/Bound_MS_Genizah/MS_L605_tiffs
MS L605.7,MS L605.7,/Volumes/pudl/gniza_working/copied_tifs/NEH_Genizah/Bound_MS_Genizah/MS_L605_tiffs
MS L605.1,MS L605.1,/Volumes/pudl/gniza_working/copied_tifs/NEH_Genizah/Bound_MS_Genizah/MS_L605_tiffs
MS L605.18,MS L605.18,/Volumes/pudl/gniza_working/copied_tifs/NEH_Genizah/Bound_MS_Genizah/MS_L605_tiffs
MS L605.21,MS L605.21,/Volumes/pudl/gniza_working/copied_tifs/NEH_Genizah/Bound_MS_Genizah/MS_L605_tiffs
MS L605.8,MS L605.8,/Volumes/pudl/gniza_working/copied_tifs/NEH_Genizah/Bound_MS_Genizah/MS_L605_tiffs
MS L605.22,MS L605.22,/Volumes/pudl/gniza_working/copied_tifs/NEH_Genizah/Bound_MS_Genizah/MS_L605_tiffs
MS L605.31,MS L605.31,/Volumes/pudl/gniza_working/copied_tifs/NEH_Genizah/Bound_MS_Genizah/MS_L605_tiffs
MS L605.3,MS L605.3,/Volumes/pudl/gniza_working/copied_tifs/NEH_Genizah/Bound_MS_Genizah/MS_L605_tiffs
MS L605.30,MS L605.30,/Volumes/pudl/gniza_working/copied_tifs/NEH_Genizah/Bound_MS_Genizah/MS_L605_tiffs
MS L605.15,MS L605.15,/Volumes/pudl/gniza_working/copied_tifs/NEH_Genizah/Bound_MS_Genizah/MS_L605_tiffs
MS L605.17,MS L605.17,/Volumes/pudl/gniza_working/copied_tifs/NEH_Genizah/Bound_MS_Genizah/MS_L605_tiffs
MS L605.32,MS L605.32,/Volumes/pudl/gniza_working/copied_tifs/NEH_Genizah/Bound_MS_Genizah/MS_L605_tiffs
MS L605.6,MS L605.6,/Volumes/pudl/gniza_working/copied_tifs/NEH_Genizah/Bound_MS_Genizah/MS_L605_tiffs
MS L605.16,MS L605.16,/Volumes/pudl/gniza_working/copied_tifs/NEH_Genizah/Bound_MS_Genizah/MS_L605_tiffs
MS L605.24,MS L605.24,/Volumes/pudl/gniza_working/copied_tifs/NEH_Genizah/Bound_MS_Genizah/MS_L605_tiffs
MS L605.26,MS L605.26,/Volumes/pudl/gniza_working/copied_tifs/NEH_Genizah/Bound_MS_Genizah/MS_L605_tiffs
MS L605.2,MS L605.2,/Volumes/pudl/gniza_working/copied_tifs/NEH_Genizah/Bound_MS_Genizah/MS_L605_tiffs
MS L605.9,MS L605.9,/Volumes/pudl/gniza_working/copied_tifs/NEH_Genizah/Bound_MS_Genizah/MS_L605_tiffs
MS L605.19,MS L605.19,/Volumes/pudl/gniza_working/copied_tifs/NEH_Genizah/Bound_MS_Genizah/MS_L605_tiffs
MS L605.28,MS L605.28,/Volumes/pudl/gniza_working/copied_tifs/NEH_Genizah/Bound_MS_Genizah/MS_L605_tiffs
MS L605.12,MS L605.12,/Volumes/pudl/gniza_working/copied_tifs/NEH_Genizah/Bound_MS_Genizah/MS_L605_tiffs
MS L605.5,MS L605.5,/Volumes/pudl/gniza_working/copied_tifs/NEH_Genizah/Bound_MS_Genizah/MS_L605_tiffs
MS L605.10,MS L605.10,/Volumes/pudl/gniza_working/copied_tifs/NEH_Genizah/Bound_MS_Genizah/MS_L605_tiffs
MS L605.23,MS L605.23,/Volumes/pudl/gniza_working/copied_tifs/NEH_Genizah/Bound_MS_Genizah/MS_L605_tiffs
MS L605.25,MS L605.25,/Volumes/pudl/gniza_working/copied_tifs/NEH_Genizah/Bound_MS_Genizah/MS_L605_tiffs
MS L605.29,MS L605.29,/Volumes/pudl/gniza_working/copied_tifs/NEH_Genizah/Bound_MS_Genizah/MS_L605_tiffs
MS L605.11,MS L605.11,/Volumes/pudl/gniza_working/copied_tifs/NEH_Genizah/Bound_MS_Genizah/MS_L605_tiffs
MS L605.13,MS L605.13,/Volumes/pudl/gniza_working/copied_tifs/NEH_Genizah/Bound_MS_Genizah/MS_L605_tiffs
MS L605.27,MS L605.27,/Volumes/pudl/gniza_working/copied_tifs/NEH_Genizah/Bound_MS_Genizah/MS_L605_tiffs
MS L605.33,MS L605.33,/Volumes/pudl/gniza_working/copied_tifs/NEH_Genizah/Bound_MS_Genizah/MS_L605_tiffs
MS L605.4,MS L605.4,/Volumes/pudl/gniza_working/copied_tifs/NEH_Genizah/Bound_MS_Genizah/MS_L605_tiffs
MS L585.5,MS L585.5,/Volumes/pudl/gniza_working/copied_tifs/NEH_Genizah/Bound_MS_Genizah/MS_L585_tiffs
MS L585.2,MS L585.2,/Volumes/pudl/gniza_working/copied_tifs/NEH_Genizah/Bound_MS_Genizah/MS_L585_tiffs
MS L585.3,MS L585.3,/Volumes/pudl/gniza_working/copied_tifs/NEH_Genizah/Bound_MS_Genizah/MS_L585_tiffs
MS L585.4,MS L585.4,/Volumes/pudl/gniza_working/copied_tifs/NEH_Genizah/Bound_MS_Genizah/MS_L585_tiffs
MS L585.7,MS L585.7,/Volumes/pudl/gniza_working/copied_tifs/NEH_Genizah/Bound_MS_Genizah/MS_L585_tiffs
MS L585.1,MS L585.1,/Volumes/pudl/gniza_working/copied_tifs/NEH_Genizah/Bound_MS_Genizah/MS_L585_tiffs
MS L585.6,MS L585.6,/Volumes/pudl/gniza_working/copied_tifs/NEH_Genizah/Bound_MS_Genizah/MS_L585_tiffs
MS L587.7,MS L587.7,/Volumes/pudl/gniza_working/copied_tifs/NEH_Genizah/Bound_MS_Genizah/MS_L587_tiffs
MS L587.3,MS L587.3,/Volumes/pudl/gniza_working/copied_tifs/NEH_Genizah/Bound_MS_Genizah/MS_L587_tiffs
MS L587.2,MS L587.2,/Volumes/pudl/gniza_working/copied_tifs/NEH_Genizah/Bound_MS_Genizah/MS_L587_tiffs
MS L587.6,MS L587.6,/Volumes/pudl/gniza_working/copied_tifs/NEH_Genizah/Bound_MS_Genizah/MS_L587_tiffs
MS L587.8,MS L587.8,/Volumes/pudl/gniza_working/copied_tifs/NEH_Genizah/Bound_MS_Genizah/MS_L587_tiffs
MS L587.4,MS L587.4,/Volumes/pudl/gniza_working/copied_tifs/NEH_Genizah/Bound_MS_Genizah/MS_L587_tiffs
MS L587.5,MS L587.5,/Volumes/pudl/gniza_working/copied_tifs/NEH_Genizah/Bound_MS_Genizah/MS_L587_tiffs
MS L587.1,MS L587.1,/Volumes/pudl/gniza_working/copied_tifs/NEH_Genizah/Bound_MS_Genizah/MS_L587_tiffs
MS L52.5,MS L52.5,/Volumes/pudl/gniza_working/copied_tifs/NEH_Genizah/Bound_MS_Genizah/MS_L52_tiffs
MS L52.3,MS L52.3,/Volumes/pudl/gniza_working/copied_tifs/NEH_Genizah/Bound_MS_Genizah/MS_L52_tiffs
MS L52.1,MS L52.1,/Volumes/pudl/gniza_working/copied_tifs/NEH_Genizah/Bound_MS_Genizah/MS_L52_tiffs
MS L52.2,MS L52.2,/Volumes/pudl/gniza_working/copied_tifs/NEH_Genizah/Bound_MS_Genizah/MS_L52_tiffs
MS L52.4,MS L52.4,/Volumes/pudl/gniza_working/copied_tifs/NEH_Genizah/Bound_MS_Genizah/MS_L52_tiffs
MS L108.7,MS L108.7,/Volumes/pudl/gniza_working/copied_tifs/NEH_Genizah/Bound_MS_Genizah/MS_L108_tiffs
MS L108.3,MS L108.3,/Volumes/pudl/gniza_working/copied_tifs/NEH_Genizah/Bound_MS_Genizah/MS_L108_tiffs
MS L108.6,MS L108.6,/Volumes/pudl/gniza_working/copied_tifs/NEH_Genizah/Bound_MS_Genizah/MS_L108_tiffs
MS L108.5,MS L108.5,/Volumes/pudl/gniza_working/copied_tifs/NEH_Genizah/Bound_MS_Genizah/MS_L108_tiffs
MS L108.4,MS L108.4,/Volumes/pudl/gniza_working/copied_tifs/NEH_Genizah/Bound_MS_Genizah/MS_L108_tiffs
MS L108.2,MS L108.2,/Volumes/pudl/gniza_working/copied_tifs/NEH_Genizah/Bound_MS_Genizah/MS_L108_tiffs
MS L108.1,MS L108.1,/Volumes/pudl/gniza_working/copied_tifs/NEH_Genizah/Bound_MS_Genizah/MS_L108_tiffs
MS L108.9,MS L108.9,/Volumes/pudl/gniza_working/copied_tifs/NEH_Genizah/Bound_MS_Genizah/MS_L108_tiffs
MS L108.8,MS L108.8,/Volumes/pudl/gniza_working/copied_tifs/NEH_Genizah/Bound_MS_Genizah/MS_L108_tiffs
MS L537.7,MS L537.7,/Volumes/pudl/gniza_working/copied_tifs/NEH_Genizah/Bound_MS_Genizah/MS_L537_tiffs
MS L537.4,MS L537.4,/Volumes/pudl/gniza_working/copied_tifs/NEH_Genizah/Bound_MS_Genizah/MS_L537_tiffs
MS L537.1,MS L537.1,/Volumes/pudl/gniza_working/copied_tifs/NEH_Genizah/Bound_MS_Genizah/MS_L537_tiffs
MS L537.8,MS L537.8,/Volumes/pudl/gniza_working/copied_tifs/NEH_Genizah/Bound_MS_Genizah/MS_L537_tiffs
MS L537.2,MS L537.2,/Volumes/pudl/gniza_working/copied_tifs/NEH_Genizah/Bound_MS_Genizah/MS_L537_tiffs
MS L537.3,MS L537.3,/Volumes/pudl/gniza_working/copied_tifs/NEH_Genizah/Bound_MS_Genizah/MS_L537_tiffs
MS L537.6,MS L537.6,/Volumes/pudl/gniza_working/copied_tifs/NEH_Genizah/Bound_MS_Genizah/MS_L537_tiffs
MS L537.5,MS L537.5,/Volumes/pudl/gniza_working/copied_tifs/NEH_Genizah/Bound_MS_Genizah/MS_L537_tiffs
ENA NS 82.48,ENA NS 82.48,/Volumes/pudl/gniza_working/copied_tifs/NEH_Genizah/fragments/ENA_NS_82_tiffs_fragments
ENA NS 82.53,ENA NS 82.53,/Volumes/pudl/gniza_working/copied_tifs/NEH_Genizah/fragments/ENA_NS_82_tiffs_fragments
ENA NS 82.50,ENA NS 82.50,/Volumes/pudl/gniza_working/copied_tifs/NEH_Genizah/fragments/ENA_NS_82_tiffs_fragments
ENA NS 82.49,ENA NS 82.49,/Volumes/pudl/gniza_working/copied_tifs/NEH_Genizah/fragments/ENA_NS_82_tiffs_fragments
ENA NS 82.5,ENA NS 82.5,/Volumes/pudl/gniza_working/copied_tifs/NEH_Genizah/fragments/ENA_NS_82_tiffs_fragments
ENA NS 82.47,ENA NS 82.47,/Volumes/pudl/gniza_working/copied_tifs/NEH_Genizah/fragments/ENA_NS_82_tiffs_fragments
ENA NS 82.4,ENA NS 82.4,/Volumes/pudl/gniza_working/copied_tifs/NEH_Genizah/fragments/ENA_NS_82_tiffs_fragments
ENA NS 82.6,ENA NS 82.6,/Volumes/pudl/gniza_working/copied_tifs/NEH_Genizah/fragments/ENA_NS_82_tiffs_fragments
ENA NS 80.24,ENA NS 80.24,/Volumes/pudl/gniza_working/copied_tifs/NEH_Genizah/fragments/ENA_NS_80_tiffs_fragments
ENA NS 80.7,ENA NS 80.7,/Volumes/pudl/gniza_working/copied_tifs/NEH_Genizah/fragments/ENA_NS_80_tiffs_fragments
ENA NS 81.90,ENA NS 81.90,/Volumes/pudl/gniza_working/copied_tifs/NEH_Genizah/fragments/ENA_NS_81_tiffs_fragments
ENA NS 81.94,ENA NS 81.94,/Volumes/pudl/gniza_working/copied_tifs/NEH_Genizah/fragments/ENA_NS_81_tiffs_fragments
ENA NS 81.54,ENA NS 81.54,/Volumes/pudl/gniza_working/copied_tifs/NEH_Genizah/fragments/ENA_NS_81_tiffs_fragments
ENA NS 81.87,ENA NS 81.87,/Volumes/pudl/gniza_working/copied_tifs/NEH_Genizah/fragments/ENA_NS_81_tiffs_fragments
ENA NS 81.93,ENA NS 81.93,/Volumes/pudl/gniza_working/copied_tifs/NEH_Genizah/fragments/ENA_NS_81_tiffs_fragments
MS 4391.20,MS 4391.20,/Volumes/pudl/gniza_working/copied_tifs/NEH_Genizah/MS_4391/MS_4391_tiffs
MS 4391.91,MS 4391.91,/Volumes/pudl/gniza_working/copied_tifs/NEH_Genizah/MS_4391/MS_4391_tiffs
MS 4391.33,MS 4391.33,/Volumes/pudl/gniza_working/copied_tifs/NEH_Genizah/MS_4391/MS_4391_tiffs
MS 4391.103,MS 4391.103,/Volumes/pudl/gniza_working/copied_tifs/NEH_Genizah/MS_4391/MS_4391_tiffs
MS 4391.21,MS 4391.21,/Volumes/pudl/gniza_working/copied_tifs/NEH_Genizah/MS_4391/MS_4391_tiffs
MS 4391.115,MS 4391.115,/Volumes/pudl/gniza_working/copied_tifs/NEH_Genizah/MS_4391/MS_4391_tiffs
MS 4391.83,MS 4391.83,/Volumes/pudl/gniza_working/copied_tifs/NEH_Genizah/MS_4391/MS_4391_tiffs
MS 4391.96,MS 4391.96,/Volumes/pudl/gniza_working/copied_tifs/NEH_Genizah/MS_4391/MS_4391_tiffs
MS 4391.9,MS 4391.9,/Volumes/pudl/gniza_working/copied_tifs/NEH_Genizah/MS_4391/MS_4391_tiffs
MS 4391.71,MS 4391.71,/Volumes/pudl/gniza_working/copied_tifs/NEH_Genizah/MS_4391/MS_4391_tiffs
MS 4391.101,MS 4391.101,/Volumes/pudl/gniza_working/copied_tifs/NEH_Genizah/MS_4391/MS_4391_tiffs
MS 4391.73,MS 4391.73,/Volumes/pudl/gniza_working/copied_tifs/NEH_Genizah/MS_4391/MS_4391_tiffs
MS 4391.38,MS 4391.38,/Volumes/pudl/gniza_working/copied_tifs/NEH_Genizah/MS_4391/MS_4391_tiffs
MS 4391.49,MS 4391.49,/Volumes/pudl/gniza_working/copied_tifs/NEH_Genizah/MS_4391/MS_4391_tiffs
MS 4391.110,MS 4391.110,/Volumes/pudl/gniza_working/copied_tifs/NEH_Genizah/MS_4391/MS_4391_tiffs
MS 4391.120,MS 4391.120,/Volumes/pudl/gniza_working/copied_tifs/NEH_Genizah/MS_4391/MS_4391_tiffs
MS 4391.45,MS 4391.45,/Volumes/pudl/gniza_working/copied_tifs/NEH_Genizah/MS_4391/MS_4391_tiffs
MS 4391.77,MS 4391.77,/Volumes/pudl/gniza_working/copied_tifs/NEH_Genizah/MS_4391/MS_4391_tiffs
MS 4391.11,MS 4391.11,/Volumes/pudl/gniza_working/copied_tifs/NEH_Genizah/MS_4391/MS_4391_tiffs
MS 4391.26,MS 4391.26,/Volumes/pudl/gniza_working/copied_tifs/NEH_Genizah/MS_4391/MS_4391_tiffs
MS 4391.124,MS 4391.124,/Volumes/pudl/gniza_working/copied_tifs/NEH_Genizah/MS_4391/MS_4391_tiffs
MS 4391.17,MS 4391.17,/Volumes/pudl/gniza_working/copied_tifs/NEH_Genizah/MS_4391/MS_4391_tiffs
MS 4391.113,MS 4391.113,/Volumes/pudl/gniza_working/copied_tifs/NEH_Genizah/MS_4391/MS_4391_tiffs
MS 4391.7,MS 4391.7,/Volumes/pudl/gniza_working/copied_tifs/NEH_Genizah/MS_4391/MS_4391_tiffs
MS 4391.56,MS 4391.56,/Volumes/pudl/gniza_working/copied_tifs/NEH_Genizah/MS_4391/MS_4391_tiffs
MS 4391.99,MS 4391.99,/Volumes/pudl/gniza_working/copied_tifs/NEH_Genizah/MS_4391/MS_4391_tiffs
MS 4391.93,MS 4391.93,/Volumes/pudl/gniza_working/copied_tifs/NEH_Genizah/MS_4391/MS_4391_tiffs
MS 4391.13,MS 4391.13,/Volumes/pudl/gniza_working/copied_tifs/NEH_Genizah/MS_4391/MS_4391_tiffs
MS 4391.23,MS 4391.23,/Volumes/pudl/gniza_working/copied_tifs/NEH_Genizah/MS_4391/MS_4391_tiffs
MS 4391.15,MS 4391.15,/Volumes/pudl/gniza_working/copied_tifs/NEH_Genizah/MS_4391/MS_4391_tiffs
MS 4391.63,MS 4391.63,/Volumes/pudl/gniza_working/copied_tifs/NEH_Genizah/MS_4391/MS_4391_tiffs
MS 4391.65,MS 4391.65,/Volumes/pudl/gniza_working/copied_tifs/NEH_Genizah/MS_4391/MS_4391_tiffs
MS 4391.51,MS 4391.51,/Volumes/pudl/gniza_working/copied_tifs/NEH_Genizah/MS_4391/MS_4391_tiffs
MS 4391.59,MS 4391.59,/Volumes/pudl/gniza_working/copied_tifs/NEH_Genizah/MS_4391/MS_4391_tiffs
MS 4391.97,MS 4391.97,/Volumes/pudl/gniza_working/copied_tifs/NEH_Genizah/MS_4391/MS_4391_tiffs
MS 4391.81,MS 4391.81,/Volumes/pudl/gniza_working/copied_tifs/NEH_Genizah/MS_4391/MS_4391_tiffs
MS 4391.62,MS 4391.62,/Volumes/pudl/gniza_working/copied_tifs/NEH_Genizah/MS_4391/MS_4391_tiffs
MS 4391.111,MS 4391.111,/Volumes/pudl/gniza_working/copied_tifs/NEH_Genizah/MS_4391/MS_4391_tiffs
MS 4391.5,MS 4391.5,/Volumes/pudl/gniza_working/copied_tifs/NEH_Genizah/MS_4391/MS_4391_tiffs
MS 4391.39,MS 4391.39,/Volumes/pudl/gniza_working/copied_tifs/NEH_Genizah/MS_4391/MS_4391_tiffs
MS 4391.58,MS 4391.58,/Volumes/pudl/gniza_working/copied_tifs/NEH_Genizah/MS_4391/MS_4391_tiffs
MS 4391.36,MS 4391.36,/Volumes/pudl/gniza_working/copied_tifs/NEH_Genizah/MS_4391/MS_4391_tiffs
MS 4391.3,MS 4391.3,/Volumes/pudl/gniza_working/copied_tifs/NEH_Genizah/MS_4391/MS_4391_tiffs
MS 4391.14,MS 4391.14,/Volumes/pudl/gniza_working/copied_tifs/NEH_Genizah/MS_4391/MS_4391_tiffs
MS 4391.12,MS 4391.12,/Volumes/pudl/gniza_working/copied_tifs/NEH_Genizah/MS_4391/MS_4391_tiffs
MS 4391.67,MS 4391.67,/Volumes/pudl/gniza_working/copied_tifs/NEH_Genizah/MS_4391/MS_4391_tiffs
MS 4391.28,MS 4391.28,/Volumes/pudl/gniza_working/copied_tifs/NEH_Genizah/MS_4391/MS_4391_tiffs
MS 4391.129,MS 4391.129,/Volumes/pudl/gniza_working/copied_tifs/NEH_Genizah/MS_4391/MS_4391_tiffs
MS 4391.4,MS 4391.4,/Volumes/pudl/gniza_working/copied_tifs/NEH_Genizah/MS_4391/MS_4391_tiffs
MS 4391.116,MS 4391.116,/Volumes/pudl/gniza_working/copied_tifs/NEH_Genizah/MS_4391/MS_4391_tiffs
MS 4391.29,MS 4391.29,/Volumes/pudl/gniza_working/copied_tifs/NEH_Genizah/MS_4391/MS_4391_tiffs
MS 4391.2,MS 4391.2,/Volumes/pudl/gniza_working/copied_tifs/NEH_Genizah/MS_4391/MS_4391_tiffs
MS 4391.117,MS 4391.117,/Volumes/pudl/gniza_working/copied_tifs/NEH_Genizah/MS_4391/MS_4391_tiffs
MS 4391.125,MS 4391.125,/Volumes/pudl/gniza_working/copied_tifs/NEH_Genizah/MS_4391/MS_4391_tiffs
MS 4391.48,MS 4391.48,/Volumes/pudl/gniza_working/copied_tifs/NEH_Genizah/MS_4391/MS_4391_tiffs
MS 4391.114,MS 4391.114,/Volumes/pudl/gniza_working/copied_tifs/NEH_Genizah/MS_4391/MS_4391_tiffs
MS 4391.57,MS 4391.57,/Volumes/pudl/gniza_working/copied_tifs/NEH_Genizah/MS_4391/MS_4391_tiffs
MS 4391.94,MS 4391.94,/Volumes/pudl/gniza_working/copied_tifs/NEH_Genizah/MS_4391/MS_4391_tiffs
MS 4391.19,MS 4391.19,/Volumes/pudl/gniza_working/copied_tifs/NEH_Genizah/MS_4391/MS_4391_tiffs
MS 4391.92,MS 4391.92,/Volumes/pudl/gniza_working/copied_tifs/NEH_Genizah/MS_4391/MS_4391_tiffs
MS 4391.80,MS 4391.80,/Volumes/pudl/gniza_working/copied_tifs/NEH_Genizah/MS_4391/MS_4391_tiffs
MS 4391.118,MS 4391.118,/Volumes/pudl/gniza_working/copied_tifs/NEH_Genizah/MS_4391/MS_4391_tiffs
MS 4391.30,MS 4391.30,/Volumes/pudl/gniza_working/copied_tifs/NEH_Genizah/MS_4391/MS_4391_tiffs
MS 4391.85,MS 4391.85,/Volumes/pudl/gniza_working/copied_tifs/NEH_Genizah/MS_4391/MS_4391_tiffs
MS 4391.68,MS 4391.68,/Volumes/pudl/gniza_working/copied_tifs/NEH_Genizah/MS_4391/MS_4391_tiffs
MS 4391.60,MS 4391.60,/Volumes/pudl/gniza_working/copied_tifs/NEH_Genizah/MS_4391/MS_4391_tiffs
MS 4391.119,MS 4391.119,/Volumes/pudl/gniza_working/copied_tifs/NEH_Genizah/MS_4391/MS_4391_tiffs
MS 4391.102,MS 4391.102,/Volumes/pudl/gniza_working/copied_tifs/NEH_Genizah/MS_4391/MS_4391_tiffs
MS 4391.95,MS 4391.95,/Volumes/pudl/gniza_working/copied_tifs/NEH_Genizah/MS_4391/MS_4391_tiffs
MS 4391.35,MS 4391.35,/Volumes/pudl/gniza_working/copied_tifs/NEH_Genizah/MS_4391/MS_4391_tiffs
MS 4391.108,MS 4391.108,/Volumes/pudl/gniza_working/copied_tifs/NEH_Genizah/MS_4391/MS_4391_tiffs
MS 4391.1,MS 4391.1,/Volumes/pudl/gniza_working/copied_tifs/NEH_Genizah/MS_4391/MS_4391_tiffs
MS 4391.84,MS 4391.84,/Volumes/pudl/gniza_working/copied_tifs/NEH_Genizah/MS_4391/MS_4391_tiffs
MS 4391.46,MS 4391.46,/Volumes/pudl/gniza_working/copied_tifs/NEH_Genizah/MS_4391/MS_4391_tiffs
MS 4391.40,MS 4391.40,/Volumes/pudl/gniza_working/copied_tifs/NEH_Genizah/MS_4391/MS_4391_tiffs
MS 4391.22,MS 4391.22,/Volumes/pudl/gniza_working/copied_tifs/NEH_Genizah/MS_4391/MS_4391_tiffs
MS 4391.41,MS 4391.41,/Volumes/pudl/gniza_working/copied_tifs/NEH_Genizah/MS_4391/MS_4391_tiffs
MS 4391.64,MS 4391.64,/Volumes/pudl/gniza_working/copied_tifs/NEH_Genizah/MS_4391/MS_4391_tiffs
MS 4391.52,MS 4391.52,/Volumes/pudl/gniza_working/copied_tifs/NEH_Genizah/MS_4391/MS_4391_tiffs
MS 4391.24,MS 4391.24,/Volumes/pudl/gniza_working/copied_tifs/NEH_Genizah/MS_4391/MS_4391_tiffs
MS 4391.72,MS 4391.72,/Volumes/pudl/gniza_working/copied_tifs/NEH_Genizah/MS_4391/MS_4391_tiffs
MS 4391.44,MS 4391.44,/Volumes/pudl/gniza_working/copied_tifs/NEH_Genizah/MS_4391/MS_4391_tiffs
MS 4391.18,MS 4391.18,/Volumes/pudl/gniza_working/copied_tifs/NEH_Genizah/MS_4391/MS_4391_tiffs
MS 4391.10,MS 4391.10,/Volumes/pudl/gniza_working/copied_tifs/NEH_Genizah/MS_4391/MS_4391_tiffs
MS 4391.107,MS 4391.107,/Volumes/pudl/gniza_working/copied_tifs/NEH_Genizah/MS_4391/MS_4391_tiffs
MS 4391.106,MS 4391.106,/Volumes/pudl/gniza_working/copied_tifs/NEH_Genizah/MS_4391/MS_4391_tiffs
MS 4391.76,MS 4391.76,/Volumes/pudl/gniza_working/copied_tifs/NEH_Genizah/MS_4391/MS_4391_tiffs
MS 4391.128,MS 4391.128,/Volumes/pudl/gniza_working/copied_tifs/NEH_Genizah/MS_4391/MS_4391_tiffs
MS 4391.61,MS 4391.61,/Volumes/pudl/gniza_working/copied_tifs/NEH_Genizah/MS_4391/MS_4391_tiffs
MS 4391.98,MS 4391.98,/Volumes/pudl/gniza_working/copied_tifs/NEH_Genizah/MS_4391/MS_4391_tiffs
MS 4391.54,MS 4391.54,/Volumes/pudl/gniza_working/copied_tifs/NEH_Genizah/MS_4391/MS_4391_tiffs
MS 4391.104,MS 4391.104,/Volumes/pudl/gniza_working/copied_tifs/NEH_Genizah/MS_4391/MS_4391_tiffs
MS 4391.100,MS 4391.100,/Volumes/pudl/gniza_working/copied_tifs/NEH_Genizah/MS_4391/MS_4391_tiffs
MS 4391.50,MS 4391.50,/Volumes/pudl/gniza_working/copied_tifs/NEH_Genizah/MS_4391/MS_4391_tiffs
MS 4391.87,MS 4391.87,/Volumes/pudl/gniza_working/copied_tifs/NEH_Genizah/MS_4391/MS_4391_tiffs
MS 4391.74,MS 4391.74,/Volumes/pudl/gniza_working/copied_tifs/NEH_Genizah/MS_4391/MS_4391_tiffs
MS 4391.66,MS 4391.66,/Volumes/pudl/gniza_working/copied_tifs/NEH_Genizah/MS_4391/MS_4391_tiffs
MS 4391.126,MS 4391.126,/Volumes/pudl/gniza_working/copied_tifs/NEH_Genizah/MS_4391/MS_4391_tiffs
MS 4391.25,MS 4391.25,/Volumes/pudl/gniza_working/copied_tifs/NEH_Genizah/MS_4391/MS_4391_tiffs
MS 4391.130,MS 4391.130,/Volumes/pudl/gniza_working/copied_tifs/NEH_Genizah/MS_4391/MS_4391_tiffs
MS 4391.90,MS 4391.90,/Volumes/pudl/gniza_working/copied_tifs/NEH_Genizah/MS_4391/MS_4391_tiffs
MS 4391.55,MS 4391.55,/Volumes/pudl/gniza_working/copied_tifs/NEH_Genizah/MS_4391/MS_4391_tiffs
MS 4391.70,MS 4391.70,/Volumes/pudl/gniza_working/copied_tifs/NEH_Genizah/MS_4391/MS_4391_tiffs
MS 4391.69,MS 4391.69,/Volumes/pudl/gniza_working/copied_tifs/NEH_Genizah/MS_4391/MS_4391_tiffs
MS 4391.86,MS 4391.86,/Volumes/pudl/gniza_working/copied_tifs/NEH_Genizah/MS_4391/MS_4391_tiffs
MS 4391.127,MS 4391.127,/Volumes/pudl/gniza_working/copied_tifs/NEH_Genizah/MS_4391/MS_4391_tiffs
MS 4391.78,MS 4391.78,/Volumes/pudl/gniza_working/copied_tifs/NEH_Genizah/MS_4391/MS_4391_tiffs
MS 4391.75,MS 4391.75,/Volumes/pudl/gniza_working/copied_tifs/NEH_Genizah/MS_4391/MS_4391_tiffs
MS 4391.121,MS 4391.121,/Volumes/pudl/gniza_working/copied_tifs/NEH_Genizah/MS_4391/MS_4391_tiffs
MS 4391.43,MS 4391.43,/Volumes/pudl/gniza_working/copied_tifs/NEH_Genizah/MS_4391/MS_4391_tiffs
MS 4391.31,MS 4391.31,/Volumes/pudl/gniza_working/copied_tifs/NEH_Genizah/MS_4391/MS_4391_tiffs
MS 4391.105,MS 4391.105,/Volumes/pudl/gniza_working/copied_tifs/NEH_Genizah/MS_4391/MS_4391_tiffs
MS 4391.47,MS 4391.47,/Volumes/pudl/gniza_working/copied_tifs/NEH_Genizah/MS_4391/MS_4391_tiffs
MS 4391.34,MS 4391.34,/Volumes/pudl/gniza_working/copied_tifs/NEH_Genizah/MS_4391/MS_4391_tiffs
MS 4391.123,MS 4391.123,/Volumes/pudl/gniza_working/copied_tifs/NEH_Genizah/MS_4391/MS_4391_tiffs
MS 4391.79,MS 4391.79,/Volumes/pudl/gniza_working/copied_tifs/NEH_Genizah/MS_4391/MS_4391_tiffs
MS 4391.27,MS 4391.27,/Volumes/pudl/gniza_working/copied_tifs/NEH_Genizah/MS_4391/MS_4391_tiffs
MS 4391.53,MS 4391.53,/Volumes/pudl/gniza_working/copied_tifs/NEH_Genizah/MS_4391/MS_4391_tiffs
MS 4391.82,MS 4391.82,/Volumes/pudl/gniza_working/copied_tifs/NEH_Genizah/MS_4391/MS_4391_tiffs
MS 4391.112,MS 4391.112,/Volumes/pudl/gniza_working/copied_tifs/NEH_Genizah/MS_4391/MS_4391_tiffs
MS 4391.89,MS 4391.89,/Volumes/pudl/gniza_working/copied_tifs/NEH_Genizah/MS_4391/MS_4391_tiffs
MS 4391.6,MS 4391.6,/Volumes/pudl/gniza_working/copied_tifs/NEH_Genizah/MS_4391/MS_4391_tiffs
MS 4391.122,MS 4391.122,/Volumes/pudl/gniza_working/copied_tifs/NEH_Genizah/MS_4391/MS_4391_tiffs
MS 4391.42,MS 4391.42,/Volumes/pudl/gniza_working/copied_tifs/NEH_Genizah/MS_4391/MS_4391_tiffs
MS 4391.32,MS 4391.32,/Volumes/pudl/gniza_working/copied_tifs/NEH_Genizah/MS_4391/MS_4391_tiffs
MS 4391.16,MS 4391.16,/Volumes/pudl/gniza_working/copied_tifs/NEH_Genizah/MS_4391/MS_4391_tiffs
MS 4391.8,MS 4391.8,/Volumes/pudl/gniza_working/copied_tifs/NEH_Genizah/MS_4391/MS_4391_tiffs
MS 4391.37,MS 4391.37,/Volumes/pudl/gniza_working/copied_tifs/NEH_Genizah/MS_4391/MS_4391_tiffs
MS 4391.88,MS 4391.88,/Volumes/pudl/gniza_working/copied_tifs/NEH_Genizah/MS_4391/MS_4391_tiffs
MS 4391.109,MS 4391.109,/Volumes/pudl/gniza_working/copied_tifs/NEH_Genizah/MS_4391/MS_4391_tiffs
MS L 273.1,MS L 273.1,/Volumes/pudl/gniza_working/copied_tifs/NEH_Genizah/MS_L_273/MS_L_273_Completed_stitched_tiffs
MS L 273.5,MS L 273.5,/Volumes/pudl/gniza_working/copied_tifs/NEH_Genizah/MS_L_273/MS_L_273_Completed_stitched_tiffs
MS L 273.4,MS L 273.4,/Volumes/pudl/gniza_working/copied_tifs/NEH_Genizah/MS_L_273/MS_L_273_Completed_stitched_tiffs
MS L 273.2,MS L 273.2,/Volumes/pudl/gniza_working/copied_tifs/NEH_Genizah/MS_L_273/MS_L_273_Completed_stitched_tiffs
MS L 273.3,MS L 273.3,/Volumes/pudl/gniza_working/copied_tifs/NEH_Genizah/MS_L_273/MS_L_273_Completed_stitched_tiffs
ENA NS 80.6,ENA NS 80.6,/Volumes/pudl/gniza_working/copied_tifs/NEH_Genizah/fragments/ENA_NS_80_tiffs_fragments
ENA NS 80.3,ENA NS 80.3,/Volumes/pudl/gniza_working/copied_tifs/NEH_Genizah/fragments/ENA_NS_80_tiffs_fragments
ENA NS 80.2,ENA NS 80.2,/Volumes/pudl/gniza_working/copied_tifs/NEH_Genizah/fragments/ENA_NS_80_tiffs_fragments
ENA NS 80.4,ENA NS 80.4,/Volumes/pudl/gniza_working/copied_tifs/NEH_Genizah/fragments/ENA_NS_80_tiffs_fragments
ENA NS 80.1,ENA NS 80.1,/Volumes/pudl/gniza_working/copied_tifs/NEH_Genizah/fragments/ENA_NS_80_tiffs_fragments
ENA NS 80.15,ENA NS 80.15,/Volumes/pudl/gniza_working/copied_tifs/NEH_Genizah/fragments/ENA_NS_80_tiffs_fragments
ENA NS 80.14,ENA NS 80.14,/Volumes/pudl/gniza_working/copied_tifs/NEH_Genizah/fragments/ENA_NS_80_tiffs_fragments
ENA NS 80.8,ENA NS 80.8,/Volumes/pudl/gniza_working/copied_tifs/NEH_Genizah/fragments/ENA_NS_80_tiffs_fragments
ENA NS 80.9,ENA NS 80.9,/Volumes/pudl/gniza_working/copied_tifs/NEH_Genizah/fragments/ENA_NS_80_tiffs_fragments
ENA NS 80.22,ENA NS 80.22,/Volumes/pudl/gniza_working/copied_tifs/NEH_Genizah/fragments/ENA_NS_80_tiffs_fragments
ENA NS 80.20,ENA NS 80.20,/Volumes/pudl/gniza_working/copied_tifs/NEH_Genizah/fragments/ENA_NS_80_tiffs_fragments
ENA NS 80.12,ENA NS 80.12,/Volumes/pudl/gniza_working/copied_tifs/NEH_Genizah/fragments/ENA_NS_80_tiffs_fragments
ENA NS 80.23,ENA NS 80.23,/Volumes/pudl/gniza_working/copied_tifs/NEH_Genizah/fragments/ENA_NS_80_tiffs_fragments
ENA NS 80.10,ENA NS 80.10,/Volumes/pudl/gniza_working/copied_tifs/NEH_Genizah/fragments/ENA_NS_80_tiffs_fragments
ENA NS 80.21,ENA NS 80.21,/Volumes/pudl/gniza_working/copied_tifs/NEH_Genizah/fragments/ENA_NS_80_tiffs_fragments
ENA NS 80.5,ENA NS 80.5,/Volumes/pudl/gniza_working/copied_tifs/NEH_Genizah/fragments/ENA_NS_80_tiffs_fragments
ENA NS 80.11,ENA NS 80.11,/Volumes/pudl/gniza_working/copied_tifs/NEH_Genizah/fragments/ENA_NS_80_tiffs_fragments
ENA NS 80.13,ENA NS 80.13,/Volumes/pudl/gniza_working/copied_tifs/NEH_Genizah/fragments/ENA_NS_80_tiffs_fragments
ENA NS 80.17,ENA NS 80.17,/Volumes/pudl/gniza_working/copied_tifs/NEH_Genizah/fragments/ENA_NS_80_tiffs_fragments
ENA NS 80.19,ENA NS 80.19,/Volumes/pudl/gniza_working/copied_tifs/NEH_Genizah/fragments/ENA_NS_80_tiffs_fragments
ENA NS 80.18,ENA NS 80.18,/Volumes/pudl/gniza_working/copied_tifs/NEH_Genizah/fragments/ENA_NS_80_tiffs_fragments
ENA NS 80.16,ENA NS 80.16,/Volumes/pudl/gniza_working/copied_tifs/NEH_Genizah/fragments/ENA_NS_80_tiffs_fragments
ENA NS 82.56,ENA NS 82.56,/Volumes/pudl/gniza_working/copied_tifs/NEH_Genizah/fragments/ENA_NS_82_tiffs_fragments
ENA NS 82.10,ENA NS 82.10,/Volumes/pudl/gniza_working/copied_tifs/NEH_Genizah/fragments/ENA_NS_82_tiffs_fragments
ENA NS 82.51,ENA NS 82.51,/Volumes/pudl/gniza_working/copied_tifs/NEH_Genizah/fragments/ENA_NS_82_tiffs_fragments
ENA NS 82.28,ENA NS 82.28,/Volumes/pudl/gniza_working/copied_tifs/NEH_Genizah/fragments/ENA_NS_82_tiffs_fragments
ENA NS 82.60,ENA NS 82.60,/Volumes/pudl/gniza_working/copied_tifs/NEH_Genizah/fragments/ENA_NS_82_tiffs_fragments
ENA NS 82.59,ENA NS 82.59,/Volumes/pudl/gniza_working/copied_tifs/NEH_Genizah/fragments/ENA_NS_82_tiffs_fragments
ENA NS 82.19,ENA NS 82.19,/Volumes/pudl/gniza_working/copied_tifs/NEH_Genizah/fragments/ENA_NS_82_tiffs_fragments
ENA NS 82.23,ENA NS 82.23,/Volumes/pudl/gniza_working/copied_tifs/NEH_Genizah/fragments/ENA_NS_82_tiffs_fragments
ENA NS 82.30,ENA NS 82.30,/Volumes/pudl/gniza_working/copied_tifs/NEH_Genizah/fragments/ENA_NS_82_tiffs_fragments
ENA NS 82.25,ENA NS 82.25,/Volumes/pudl/gniza_working/copied_tifs/NEH_Genizah/fragments/ENA_NS_82_tiffs_fragments
ENA NS 82.31,ENA NS 82.31,/Volumes/pudl/gniza_working/copied_tifs/NEH_Genizah/fragments/ENA_NS_82_tiffs_fragments
ENA NS 82.8,ENA NS 82.8,/Volumes/pudl/gniza_working/copied_tifs/NEH_Genizah/fragments/ENA_NS_82_tiffs_fragments
ENA NS 82.34,ENA NS 82.34,/Volumes/pudl/gniza_working/copied_tifs/NEH_Genizah/fragments/ENA_NS_82_tiffs_fragments
ENA NS 82.46,ENA NS 82.46,/Volumes/pudl/gniza_working/copied_tifs/NEH_Genizah/fragments/ENA_NS_82_tiffs_fragments
ENA NS 82.22,ENA NS 82.22,/Volumes/pudl/gniza_working/copied_tifs/NEH_Genizah/fragments/ENA_NS_82_tiffs_fragments
ENA NS 82.3,ENA NS 82.3,/Volumes/pudl/gniza_working/copied_tifs/NEH_Genizah/fragments/ENA_NS_82_tiffs_fragments
ENA NS 82.18,ENA NS 82.18,/Volumes/pudl/gniza_working/copied_tifs/NEH_Genizah/fragments/ENA_NS_82_tiffs_fragments
ENA NS 82.12,ENA NS 82.12,/Volumes/pudl/gniza_working/copied_tifs/NEH_Genizah/fragments/ENA_NS_82_tiffs_fragments
ENA NS 82.15,ENA NS 82.15,/Volumes/pudl/gniza_working/copied_tifs/NEH_Genizah/fragments/ENA_NS_82_tiffs_fragments
ENA NS 82.29,ENA NS 82.29,/Volumes/pudl/gniza_working/copied_tifs/NEH_Genizah/fragments/ENA_NS_82_tiffs_fragments
ENA NS 82.52,ENA NS 82.52,/Volumes/pudl/gniza_working/copied_tifs/NEH_Genizah/fragments/ENA_NS_82_tiffs_fragments
ENA NS 82.9,ENA NS 82.9,/Volumes/pudl/gniza_working/copied_tifs/NEH_Genizah/fragments/ENA_NS_82_tiffs_fragments
ENA NS 82.58,ENA NS 82.58,/Volumes/pudl/gniza_working/copied_tifs/NEH_Genizah/fragments/ENA_NS_82_tiffs_fragments
ENA NS 82.36,ENA NS 82.36,/Volumes/pudl/gniza_working/copied_tifs/NEH_Genizah/fragments/ENA_NS_82_tiffs_fragments
ENA NS 82.42,ENA NS 82.42,/Volumes/pudl/gniza_working/copied_tifs/NEH_Genizah/fragments/ENA_NS_82_tiffs_fragments
ENA NS 82.55,ENA NS 82.55,/Volumes/pudl/gniza_working/copied_tifs/NEH_Genizah/fragments/ENA_NS_82_tiffs_fragments
ENA NS 82.20,ENA NS 82.20,/Volumes/pudl/gniza_working/copied_tifs/NEH_Genizah/fragments/ENA_NS_82_tiffs_fragments
ENA NS 82.40,ENA NS 82.40,/Volumes/pudl/gniza_working/copied_tifs/NEH_Genizah/fragments/ENA_NS_82_tiffs_fragments
ENA NS 82.2,ENA NS 82.2,/Volumes/pudl/gniza_working/copied_tifs/NEH_Genizah/fragments/ENA_NS_82_tiffs_fragments
ENA NS 82.38,ENA NS 82.38,/Volumes/pudl/gniza_working/copied_tifs/NEH_Genizah/fragments/ENA_NS_82_tiffs_fragments
ENA NS 82.35,ENA NS 82.35,/Volumes/pudl/gniza_working/copied_tifs/NEH_Genizah/fragments/ENA_NS_82_tiffs_fragments
ENA NS 82.32,ENA NS 82.32,/Volumes/pudl/gniza_working/copied_tifs/NEH_Genizah/fragments/ENA_NS_82_tiffs_fragments
ENA NS 82.7,ENA NS 82.7,/Volumes/pudl/gniza_working/copied_tifs/NEH_Genizah/fragments/ENA_NS_82_tiffs_fragments
ENA NS 82.37,ENA NS 82.37,/Volumes/pudl/gniza_working/copied_tifs/NEH_Genizah/fragments/ENA_NS_82_tiffs_fragments
ENA NS 82.26,ENA NS 82.26,/Volumes/pudl/gniza_working/copied_tifs/NEH_Genizah/fragments/ENA_NS_82_tiffs_fragments
ENA NS 82.33,ENA NS 82.33,/Volumes/pudl/gniza_working/copied_tifs/NEH_Genizah/fragments/ENA_NS_82_tiffs_fragments
ENA NS 82.27,ENA NS 82.27,/Volumes/pudl/gniza_working/copied_tifs/NEH_Genizah/fragments/ENA_NS_82_tiffs_fragments
ENA NS 82.57,ENA NS 82.57,/Volumes/pudl/gniza_working/copied_tifs/NEH_Genizah/fragments/ENA_NS_82_tiffs_fragments
ENA NS 82.54,ENA NS 82.54,/Volumes/pudl/gniza_working/copied_tifs/NEH_Genizah/fragments/ENA_NS_82_tiffs_fragments
ENA NS 82.11,ENA NS 82.11,/Volumes/pudl/gniza_working/copied_tifs/NEH_Genizah/fragments/ENA_NS_82_tiffs_fragments
ENA NS 81.66,ENA NS 81.66,/Volumes/pudl/gniza_working/copied_tifs/NEH_Genizah/fragments/ENA_NS_81_tiffs_fragments
ENA NS 81.32,ENA NS 81.32,/Volumes/pudl/gniza_working/copied_tifs/NEH_Genizah/fragments/ENA_NS_81_tiffs_fragments
ENA NS 81.83,ENA NS 81.83,/Volumes/pudl/gniza_working/copied_tifs/NEH_Genizah/fragments/ENA_NS_81_tiffs_fragments
ENA NS 81.89,ENA NS 81.89,/Volumes/pudl/gniza_working/copied_tifs/NEH_Genizah/fragments/ENA_NS_81_tiffs_fragments
ENA NS 81.53,ENA NS 81.53,/Volumes/pudl/gniza_working/copied_tifs/NEH_Genizah/fragments/ENA_NS_81_tiffs_fragments
ENA NS 81.34,ENA NS 81.34,/Volumes/pudl/gniza_working/copied_tifs/NEH_Genizah/fragments/ENA_NS_81_tiffs_fragments
ENA NS 81.76,ENA NS 81.76,/Volumes/pudl/gniza_working/copied_tifs/NEH_Genizah/fragments/ENA_NS_81_tiffs_fragments
ENA NS 81.41,ENA NS 81.41,/Volumes/pudl/gniza_working/copied_tifs/NEH_Genizah/fragments/ENA_NS_81_tiffs_fragments
ENA NS 81.48,ENA NS 81.48,/Volumes/pudl/gniza_working/copied_tifs/NEH_Genizah/fragments/ENA_NS_81_tiffs_fragments
ENA NS 81.35,ENA NS 81.35,/Volumes/pudl/gniza_working/copied_tifs/NEH_Genizah/fragments/ENA_NS_81_tiffs_fragments
ENA NS 81.38,ENA NS 81.38,/Volumes/pudl/gniza_working/copied_tifs/NEH_Genizah/fragments/ENA_NS_81_tiffs_fragments
ENA NS 81.73,ENA NS 81.73,/Volumes/pudl/gniza_working/copied_tifs/NEH_Genizah/fragments/ENA_NS_81_tiffs_fragments
ENA NS 81.80,ENA NS 81.80,/Volumes/pudl/gniza_working/copied_tifs/NEH_Genizah/fragments/ENA_NS_81_tiffs_fragments
ENA NS 81.62,ENA NS 81.62,/Volumes/pudl/gniza_working/copied_tifs/NEH_Genizah/fragments/ENA_NS_81_tiffs_fragments
ENA NS 81.15,ENA NS 81.15,/Volumes/pudl/gniza_working/copied_tifs/NEH_Genizah/fragments/ENA_NS_81_tiffs_fragments
ENA NS 81.85,ENA NS 81.85,/Volumes/pudl/gniza_working/copied_tifs/NEH_Genizah/fragments/ENA_NS_81_tiffs_fragments
ENA NS 81.65,ENA NS 81.65,/Volumes/pudl/gniza_working/copied_tifs/NEH_Genizah/fragments/ENA_NS_81_tiffs_fragments
ENA NS 81.6,ENA NS 81.6,/Volumes/pudl/gniza_working/copied_tifs/NEH_Genizah/fragments/ENA_NS_81_tiffs_fragments
ENA NS 81.13,ENA NS 81.13,/Volumes/pudl/gniza_working/copied_tifs/NEH_Genizah/fragments/ENA_NS_81_tiffs_fragments
ENA NS 81.25,ENA NS 81.25,/Volumes/pudl/gniza_working/copied_tifs/NEH_Genizah/fragments/ENA_NS_81_tiffs_fragments
ENA NS 81.4,ENA NS 81.4,/Volumes/pudl/gniza_working/copied_tifs/NEH_Genizah/fragments/ENA_NS_81_tiffs_fragments
ENA NS 81.14,ENA NS 81.14,/Volumes/pudl/gniza_working/copied_tifs/NEH_Genizah/fragments/ENA_NS_81_tiffs_fragments
ENA NS 81.30,ENA NS 81.30,/Volumes/pudl/gniza_working/copied_tifs/NEH_Genizah/fragments/ENA_NS_81_tiffs_fragments
ENA NS 81.55,ENA NS 81.55,/Volumes/pudl/gniza_working/copied_tifs/NEH_Genizah/fragments/ENA_NS_81_tiffs_fragments
ENA NS 81.63,ENA NS 81.63,/Volumes/pudl/gniza_working/copied_tifs/NEH_Genizah/fragments/ENA_NS_81_tiffs_fragments
ENA NS 81.23,ENA NS 81.23,/Volumes/pudl/gniza_working/copied_tifs/NEH_Genizah/fragments/ENA_NS_81_tiffs_fragments
ENA NS 81.70,ENA NS 81.70,/Volumes/pudl/gniza_working/copied_tifs/NEH_Genizah/fragments/ENA_NS_81_tiffs_fragments
ENA NS 81.49,ENA NS 81.49,/Volumes/pudl/gniza_working/copied_tifs/NEH_Genizah/fragments/ENA_NS_81_tiffs_fragments
ENA NS 81.57,ENA NS 81.57,/Volumes/pudl/gniza_working/copied_tifs/NEH_Genizah/fragments/ENA_NS_81_tiffs_fragments
ENA NS 81.91,ENA NS 81.91,/Volumes/pudl/gniza_working/copied_tifs/NEH_Genizah/fragments/ENA_NS_81_tiffs_fragments
ENA NS 81.16,ENA NS 81.16,/Volumes/pudl/gniza_working/copied_tifs/NEH_Genizah/fragments/ENA_NS_81_tiffs_fragments
ENA NS 81.79,ENA NS 81.79,/Volumes/pudl/gniza_working/copied_tifs/NEH_Genizah/fragments/ENA_NS_81_tiffs_fragments
ENA NS 81.27,ENA NS 81.27,/Volumes/pudl/gniza_working/copied_tifs/NEH_Genizah/fragments/ENA_NS_81_tiffs_fragments
ENA NS 81.12,ENA NS 81.12,/Volumes/pudl/gniza_working/copied_tifs/NEH_Genizah/fragments/ENA_NS_81_tiffs_fragments
ENA NS 81.50,ENA NS 81.50,/Volumes/pudl/gniza_working/copied_tifs/NEH_Genizah/fragments/ENA_NS_81_tiffs_fragments
ENA NS 81.5,ENA NS 81.5,/Volumes/pudl/gniza_working/copied_tifs/NEH_Genizah/fragments/ENA_NS_81_tiffs_fragments
ENA NS 81.8,ENA NS 81.8,/Volumes/pudl/gniza_working/copied_tifs/NEH_Genizah/fragments/ENA_NS_81_tiffs_fragments
ENA NS 81.17,ENA NS 81.17,/Volumes/pudl/gniza_working/copied_tifs/NEH_Genizah/fragments/ENA_NS_81_tiffs_fragments
ENA NS 81.18,ENA NS 81.18,/Volumes/pudl/gniza_working/copied_tifs/NEH_Genizah/fragments/ENA_NS_81_tiffs_fragments
ENA NS 81.47,ENA NS 81.47,/Volumes/pudl/gniza_working/copied_tifs/NEH_Genizah/fragments/ENA_NS_81_tiffs_fragments
ENA NS 81.45,ENA NS 81.45,/Volumes/pudl/gniza_working/copied_tifs/NEH_Genizah/fragments/ENA_NS_81_tiffs_fragments
ENA NS 81.58,ENA NS 81.58,/Volumes/pudl/gniza_working/copied_tifs/NEH_Genizah/fragments/ENA_NS_81_tiffs_fragments
ENA NS 81.39,ENA NS 81.39,/Volumes/pudl/gniza_working/copied_tifs/NEH_Genizah/fragments/ENA_NS_81_tiffs_fragments
ENA NS 81.56,ENA NS 81.56,/Volumes/pudl/gniza_working/copied_tifs/NEH_Genizah/fragments/ENA_NS_81_tiffs_fragments
ENA NS 81.21,ENA NS 81.21,/Volumes/pudl/gniza_working/copied_tifs/NEH_Genizah/fragments/ENA_NS_81_tiffs_fragments
ENA NS 81.2,ENA NS 81.2,/Volumes/pudl/gniza_working/copied_tifs/NEH_Genizah/fragments/ENA_NS_81_tiffs_fragments
ENA NS 81.10,ENA NS 81.10,/Volumes/pudl/gniza_working/copied_tifs/NEH_Genizah/fragments/ENA_NS_81_tiffs_fragments
ENA NS 81.26,ENA NS 81.26,/Volumes/pudl/gniza_working/copied_tifs/NEH_Genizah/fragments/ENA_NS_81_tiffs_fragments
ENA NS 81.36,ENA NS 81.36,/Volumes/pudl/gniza_working/copied_tifs/NEH_Genizah/fragments/ENA_NS_81_tiffs_fragments
ENA NS 81.72,ENA NS 81.72,/Volumes/pudl/gniza_working/copied_tifs/NEH_Genizah/fragments/ENA_NS_81_tiffs_fragments
ENA NS 81.19,ENA NS 81.19,/Volumes/pudl/gniza_working/copied_tifs/NEH_Genizah/fragments/ENA_NS_81_tiffs_fragments
ENA NS 81.88,ENA NS 81.88,/Volumes/pudl/gniza_working/copied_tifs/NEH_Genizah/fragments/ENA_NS_81_tiffs_fragments
ENA NS 81.92,ENA NS 81.92,/Volumes/pudl/gniza_working/copied_tifs/NEH_Genizah/fragments/ENA_NS_81_tiffs_fragments
ENA NS 81.40,ENA NS 81.40,/Volumes/pudl/gniza_working/copied_tifs/NEH_Genizah/fragments/ENA_NS_81_tiffs_fragments
ENA NS 81.9,ENA NS 81.9,/Volumes/pudl/gniza_working/copied_tifs/NEH_Genizah/fragments/ENA_NS_81_tiffs_fragments
ENA NS 81.3,ENA NS 81.3,/Volumes/pudl/gniza_working/copied_tifs/NEH_Genizah/fragments/ENA_NS_81_tiffs_fragments
ENA NS 81.86,ENA NS 81.86,/Volumes/pudl/gniza_working/copied_tifs/NEH_Genizah/fragments/ENA_NS_81_tiffs_fragments
ENA NS 81.74,ENA NS 81.74,/Volumes/pudl/gniza_working/copied_tifs/NEH_Genizah/fragments/ENA_NS_81_tiffs_fragments
ENA NS 81.84,ENA NS 81.84,/Volumes/pudl/gniza_working/copied_tifs/NEH_Genizah/fragments/ENA_NS_81_tiffs_fragments
ENA NS 81.20,ENA NS 81.20,/Volumes/pudl/gniza_working/copied_tifs/NEH_Genizah/fragments/ENA_NS_81_tiffs_fragments
ENA NS 81.78,ENA NS 81.78,/Volumes/pudl/gniza_working/copied_tifs/NEH_Genizah/fragments/ENA_NS_81_tiffs_fragments
ENA NS 81.24,ENA NS 81.24,/Volumes/pudl/gniza_working/copied_tifs/NEH_Genizah/fragments/ENA_NS_81_tiffs_fragments
ENA NS 81.51,ENA NS 81.51,/Volumes/pudl/gniza_working/copied_tifs/NEH_Genizah/fragments/ENA_NS_81_tiffs_fragments
ENA NS 81.59,ENA NS 81.59,/Volumes/pudl/gniza_working/copied_tifs/NEH_Genizah/fragments/ENA_NS_81_tiffs_fragments
ENA NS 81.68,ENA NS 81.68,/Volumes/pudl/gniza_working/copied_tifs/NEH_Genizah/fragments/ENA_NS_81_tiffs_fragments
ENA NS 81.43,ENA NS 81.43,/Volumes/pudl/gniza_working/copied_tifs/NEH_Genizah/fragments/ENA_NS_81_tiffs_fragments
ENA NS 81.37,ENA NS 81.37,/Volumes/pudl/gniza_working/copied_tifs/NEH_Genizah/fragments/ENA_NS_81_tiffs_fragments
ENA NS 81.42,ENA NS 81.42,/Volumes/pudl/gniza_working/copied_tifs/NEH_Genizah/fragments/ENA_NS_81_tiffs_fragments
ENA NS 81.52,ENA NS 81.52,/Volumes/pudl/gniza_working/copied_tifs/NEH_Genizah/fragments/ENA_NS_81_tiffs_fragments
ENA NS 81.44,ENA NS 81.44,/Volumes/pudl/gniza_working/copied_tifs/NEH_Genizah/fragments/ENA_NS_81_tiffs_fragments
ENA NS 81.81,ENA NS 81.81,/Volumes/pudl/gniza_working/copied_tifs/NEH_Genizah/fragments/ENA_NS_81_tiffs_fragments
ENA NS 81.64,ENA NS 81.64,/Volumes/pudl/gniza_working/copied_tifs/NEH_Genizah/fragments/ENA_NS_81_tiffs_fragments
ENA NS 81.29,ENA NS 81.29,/Volumes/pudl/gniza_working/copied_tifs/NEH_Genizah/fragments/ENA_NS_81_tiffs_fragments
ENA NS 81.67,ENA NS 81.67,/Volumes/pudl/gniza_working/copied_tifs/NEH_Genizah/fragments/ENA_NS_81_tiffs_fragments
ENA NS 81.22,ENA NS 81.22,/Volumes/pudl/gniza_working/copied_tifs/NEH_Genizah/fragments/ENA_NS_81_tiffs_fragments
ENA NS 81.82,ENA NS 81.82,/Volumes/pudl/gniza_working/copied_tifs/NEH_Genizah/fragments/ENA_NS_81_tiffs_fragments
ENA NS 81.95,ENA NS 81.95,/Volumes/pudl/gniza_working/copied_tifs/NEH_Genizah/fragments/ENA_NS_81_tiffs_fragments
ENA NS 81.28,ENA NS 81.28,/Volumes/pudl/gniza_working/copied_tifs/NEH_Genizah/fragments/ENA_NS_81_tiffs_fragments
ENA NS 81.69,ENA NS 81.69,/Volumes/pudl/gniza_working/copied_tifs/NEH_Genizah/fragments/ENA_NS_81_tiffs_fragments
ENA NS 81.11,ENA NS 81.11,/Volumes/pudl/gniza_working/copied_tifs/NEH_Genizah/fragments/ENA_NS_81_tiffs_fragments
ENA NS 81.61,ENA NS 81.61,/Volumes/pudl/gniza_working/copied_tifs/NEH_Genizah/fragments/ENA_NS_81_tiffs_fragments
ENA NS 81.7,ENA NS 81.7,/Volumes/pudl/gniza_working/copied_tifs/NEH_Genizah/fragments/ENA_NS_81_tiffs_fragments
ENA NS 81.60,ENA NS 81.60,/Volumes/pudl/gniza_working/copied_tifs/NEH_Genizah/fragments/ENA_NS_81_tiffs_fragments
ENA NS 81.1,ENA NS 81.1,/Volumes/pudl/gniza_working/copied_tifs/NEH_Genizah/fragments/ENA_NS_81_tiffs_fragments
ENA NS 81.71,ENA NS 81.71,/Volumes/pudl/gniza_working/copied_tifs/NEH_Genizah/fragments/ENA_NS_81_tiffs_fragments
ENA NS 81.77,ENA NS 81.77,/Volumes/pudl/gniza_working/copied_tifs/NEH_Genizah/fragments/ENA_NS_81_tiffs_fragments
ENA NS 81.33,ENA NS 81.33,/Volumes/pudl/gniza_working/copied_tifs/NEH_Genizah/fragments/ENA_NS_81_tiffs_fragments
ENA NS 81.75,ENA NS 81.75,/Volumes/pudl/gniza_working/copied_tifs/NEH_Genizah/fragments/ENA_NS_81_tiffs_fragments
ENA NS 81.31,ENA NS 81.31,/Volumes/pudl/gniza_working/copied_tifs/NEH_Genizah/fragments/ENA_NS_81_tiffs_fragments
ENA NS 81.46,ENA NS 81.46,/Volumes/pudl/gniza_working/copied_tifs/NEH_Genizah/fragments/ENA_NS_81_tiffs_fragments
